1|6lywwh2uBrM|172|491577|0|76|1279
1|5-a8bWi4LO0|2066|5038197|0|5391|13656
1|m970R4lC2CI|147|143579|0|100|1044
1|G4rzV0CvhyM|0|0|0|0|0
1|QSw-nIj37VU|112|247170|0|54|520
1|1RK9Sz-tqFw|13|90277|0|11|135
1|ADLiaKw1pKo|11|40820|0|50|101
1|_DSMCbWo6u4|8|52557|0|12|76
1|6Mdz85pUq6k|2|2261|0|1|9
1|bLelYqXu7wo|35|206503|0|25|317
2|HUJZjUaNzgw|2601|5183730|0|515|18782
2|sYoC5GLgZ4E|10|75799|0|6|167
2|JuU0M2xBasc|6495|14905233|0|1616|52679
2|r0EPt7-J1eY|386|1732636|0|159|3154
2|CtGt6kf8CZ4|1119|2515181|0|1612|4423
2|i7iQ5g1ZY4E|10|82276|0|10|267
2|vYt0tY0TbL4|18|54698|0|6|65
2|Op3sAHFM59g|0|3267|0|1|8
2|rebpVP59mTU|231|327687|0|86|1180
2|qICHAXs-LKY|29|4525|0|0|47
3|3v8ZcvJUwas|316|919481|0|197|1798
3|t3KoGn8hj14|3|24241|0|7|13
3|4l5OSMsFbiI|0|6631|0|2|6
3|WL-npieOxgM|0|45|0|0|0
3|LHHtt0iq_k4|1|20420|0|1|30
3|Nki2NqCZLwY|1|856|0|1|0
3|1-vG-HznIOQ|14|17692|0|2|101
4|bXNvg3Hp-HI|195|1778780|0|179|3080
4|tHhDuJqodG4|1|18198|0|5|51
4|jEBS5Ygcblg|1|1486|0|0|4
4|O3P9foxxi7c|0|446|0|0|2
4|QbJv07vooic|0|63|0|0|0
4|4Mj6-rhwWRc|0|38504|0|1|22
4|V4vffntTCwo|2|9297|0|4|47
4|W4zwywnt4FQ|0|230|0|0|0
5|CxeBdrGGU8U|679|2235620|0|521|4079
5|P8s3erGGF90|166|3163125|0|145|1609
5|7bZFr2IA0Bo|391|1881804|0|213|3366
5|sDxmMldoW98|2|30432|0|7|70
5|dr9P1DVDVJU|53|231957|0|18|364
5|zoG1TfhBkBg|350|365708|0|245|871
5|SEDb7nxSr5Y|107|168974|0|53|800
5|AzKw5D3UQxM|1|1887|0|0|8
5|Pd6b6R1xUhk|134|26405|0|14|342
5|VHOSJHSqjEU|44|3896|0|3|46
6|GXOLwIIHuCs|317|755314|0|118|3423
6|0FBIR0HhH_k|66|427513|0|58|775
6|myjar5KoqZA|248|570911|0|121|1736
6|NB-3tyL_qQU|8|31550|0|4|168
6|tdkVfOIN7f4|0|1105|0|0|4
6|lm8gDuCGMM8|0|1222|0|0|4
6|YBWmaox_28U|0|191|0|2|7
6|OeYt4f6MaM8|0|266|0|1|3
6|9vXVwv4qXCs|0|2186|0|1|9
6|rXwosO0PP6o|32|10165|0|6|12
7|KG5CnCgnplU|830|5999993|0|564|12436
7|R3TeI9jPPuA|374|3285494|0|350|3945
7|m-M9lIlGBEQ|36|574666|0|47|624
7|xBnVZefYaEc|3|44211|0|4|53
7|_OoPOkYd2JE|54|257227|0|46|1010
7|9HeG9_-ANYo|83|35849|0|16|285
7|t6VBBdPhR0k|0|8998|0|0|7
7|jawPEhvUZEk|41|123231|0|47|777
7|urCfeutkspI|115|32597|0|32|328
7|hbioFy03eEM|3|4689|0|2|53
8|6WCKJ7KaIZY|90|293715|0|36|415
8|iHy_eet6eeA|166|552118|0|48|502
8|A7ZuVS9vuKk|32|116872|0|9|274
8|PNrGFMaljqg|7|11963|0|25|19
8|ISGsejFBw3Q|1|5031|0|3|24
8|U7JO_PlrMeA|11|186547|0|15|368
8|C7cRWAbUjAw|3|806|0|0|11
8|5IBoLz34wzU|0|20074|0|1|28
8|ltT3qH9G-CY|0|5006|0|0|2
8|iV1lh-rHb8g|0|3759|0|1|4
9|e5R4iepdXqo|280|1154290|0|54|1006
9|QtrbWfZtxxM|19|208885|0|10|93
9|_4gcYeLfJMs|81|442517|0|40|221
9|oiYoJKVioFc|59|447803|0|78|373
9|deeZ5yeIDvE|1|10798|0|1|5
9|Dx0NRrnWoC0|0|5065|0|0|0
9|fa4JxfQY6xU|19|32339|0|2|88
9|P5chmy8gcr4|0|2952|0|0|2
9|RZ8nwuR3890|314|836270|0|30|1208
9|-Q-mVzluWwY|0|105|0|0|2
10|qu6SCUXeYl0|255|959676|0|158|1311
10|WJeabnZMVDE|4|28487|0|5|32
10|FaVuagDCWFo|0|1155|0|0|2
10|IIcCYE8zOeg|0|2175|0|0|3
10|4LALfYOMk6c|2449|1691155|0|275|9849
10|-mHZ0sa5_Gg|1|16012|0|0|10
10|njTFF6c5YpU|1|113|0|0|0
10|1mt2ahS59h8|0|5|0|0|0
10|C3E358n7pcI|5609|6017811|0|649|24278
11|aW_sfxUnbZA|865|4183655|0|469|8609
11|Eh6nYOhItOM|1148|4161445|0|480|13887
11|eg0JqIyU5ng|42|161653|0|12|474
11|yXr8VZyKDc0|72|50483|0|20|321
11|611SQtoZS0Y|5|135266|0|19|233
11|iw5ICtSQr1o|7|1279|0|0|68
11|oeCSoDlV3e8|16|119070|0|20|770
11|JXILgtGChXU|3|83291|0|2|104
11|cxiw08ncOCo|8|25045|0|3|107
11|JAj-ewJdkj0|8|19999|0|3|106
12|ihdJgH757A0|375|3189155|0|208|11358
12|cOcPeBMfMHo|14|153338|0|6|363
12|q0AblewlfJI|52|307498|0|65|1588
12|2Shwj4BAutY|28|477678|0|39|816
12|CKrPkAmvYXU|0|1336|0|0|3
12|zVuuooZqVaU|728|3932676|0|251|10846
12|lLAS6m3Lnd0|2|4268|0|0|34
12|T8tiwBIl8ZQ|306|143883|0|665|2132
12|oKJHVSr9WAM|0|379|0|0|0
12|u55oB-4UT-Y|6|33505|0|1|205
13|Xr9iLfD6xus|272|719556|0|169|1235
13|3wv7Li2V7S8|685|1595704|0|488|2477
13|PFPcyhG22bE|5|71522|0|18|138
13|23OMYP_vzTU|218|44972|0|32|416
13|IblYODC8dDo|0|13859|0|1|41
13|6KwQbSnw5W4|117|21514|0|20|300
13|FhLaLxHF_G4|3|1216|0|1|7
13|75Cmafx-8gc|0|11358|0|0|16
13|ZzFSe3LbUdk|0|335|0|0|0
13|iPOWxH6AqX4|524|186941|0|31|4534
14|pSJ8TZW6tLo|230|725717|0|197|2604
14|AgGQm63rWaQ|14|72848|0|9|115
14|2FMwrZmmzXY|1|8371|0|0|5
14|TR_gXT3HuCU|0|3072|0|1|1
14|HMT9ntUhJiY|0|106|0|0|1
14|pRCoAuqIo_o|0|154|0|0|0
14|DAv-fIFwljI|0|58|0|0|0
14|8-H-JrgJNfQ|4|1353|0|3|32
14|cA6oRlI2W74|0|18|0|0|0
15|1bJZYqGfYGE|1025|3940011|0|427|7183
15|U9s-2oclmoA|34|574028|0|55|611
15|mEjLOTdrI5I|50|455963|0|29|273
15|Vzw7ds7JoT4|43|1922908|0|37|342
15|9AqixrUW37s|101|24461|0|24|260
15|0EyxwcSv6OM|7|423238|0|26|926
15|_uTF3_ZbbvU|0|7265|0|0|5
15|0oL2qI4kWrU|2|3797|0|0|18
15|ll91msEABT8|1|3626|0|0|24
15|u5XWotlGHM4|4|38610|0|2|74
16|8Yih-CxTWsw|3203|8231157|0|1117|18870
16|ZALqGuwI_DE|1382|2099272|0|292|6804
16|wPH_Scd-NsQ|107|263527|0|112|635
16|ZVczMekbRm4|10|81896|0|8|102
16|i0XQVeQUEb0|81|383576|0|112|1852
16|PEz9QvfLsyc|149|550193|0|52|1375
16|VxRyt86h8FA|66|169660|0|5|666
16|BYUxXSSu_v8|0|3353|0|6|32
16|89-6xfQutjw|2|3646|0|1|52
16|pqj4TVwuOLE|0|18667|0|0|6
17|7fJGbTfFPkM|1279|11747180|0|785|17706
17|A_ZPLGm686g|6|70768|0|2|57
17|sl8zyqouiyo|150|1079760|0|98|2968
17|sIraEW75r78|47|443792|0|28|382
17|cLXawrDz24I|7|205004|0|12|414
17|G_-QKARCvBc|12|2977|0|0|55
17|U7E1Q3qi4W8|1|26416|0|2|16
17|xedvZEodN2g|15|115282|0|16|529
17|fcB-vQ1WCzo|13|181395|0|13|236
18|NmreYP6Rbxs|97|191309|0|68|316
18|isNed0XZqVo|15|46286|0|10|65
18|eX3iGKQeNks|2|10437|0|3|32
18|RBXHwp_m6v8|5|8668|0|2|28
18|Wqv7nalncrU|0|2053|0|0|5
18|PYZazfPlZk0|6|10168|0|2|82
18|j3O1KhW778U|0|31|0|0|0
18|KHhtVF-0_qU|0|26|0|0|1
18|QXgNKJkJjHw|0|7|0|0|0
18|gA-5nLQCmW8|196|493930|0|34|1096
19|t4ZzMkDLjWI|2557|5538424|0|841|10558
19|ZoCyL_Pqzu8|2014|6917855|0|1521|15414
19|TLyk00gFPdQ|1346|3785665|0|804|6868
19|THVFkk-sEus|2005|4840038|0|787|13992
19|EVZELMRXeYM|302|1538891|0|278|3572
19|RKy4WqGVD8w|24|187867|0|26|344
19|i1hW3bWIuDA|465|2322313|0|386|4355
19|aSO1lncFb4E|261|900747|0|181|3131
19|u7Z6sfHtYkg|163|709750|0|87|1860
19|YM79kFE8g0I|144|148275|0|48|1023
20|5zL3YJKygd4|2233|8429394|0|442|44412
20|SqSE6Kzuht0|1536|5880311|0|364|21687
20|M4GUAvPV5WY|667|2982134|0|216|16570
20|luh9S2bUaFk|142|1216423|0|122|2231
20|Cj6i2htlkO4|62|621420|0|45|1897
20|W8E1s-XN90c|180|1048808|0|40|3110
20|hb4Xn_8vYLg|0|133963|0|0|77
20|6vnm5qq0gCA|514|119624|0|31|3476
20|UGprZJEoFNQ|44|212022|0|9|1060
20|ZRD3gkXxGho|232|768368|0|47|4692
21|TXiNkOjM7oM|1605|6257961|0|746|8767
21|41J6kbQV-8I|1397|2711229|0|333|7924
21|yml6-Ni-vno|245|388852|0|117|1632
21|hJLDRn5f7q8|19|102393|0|9|120
21|Jxeei21dV0M|10|37478|0|4|80
21|rezqIA1alFI|85|170067|0|66|869
21|WXQgwPGFN0U|188|216130|0|62|927
21|nRRUhZWeF2Q|6|3515|0|4|19
21|d_5OZ4BKkz8|78|190571|0|284|634
21|IqksohGYuWo|8|27422|0|4|80
22|TGjbpO1toTc|1033|6172439|0|2003|30254
22|bNoBuZSX0Bg|291|2800508|0|945|7792
22|4zoI4L4x1i0|2333|3017976|0|699|11595
22|Jp0xs1_kw9I|64|148228|0|39|329
22|1oQW9GF8v1w|12|32494|0|20|201
22|1FUJxUk_LNs|640|710467|0|254|2162
22|ibB4zRBmeSo|307|342886|0|167|1809
22|OjKXehzS84Q|0|9060|0|4|30
22|eRqUf5LRw-A|7|7170|0|16|45
22|vzTY1SopTcM|452|224180|0|54|2282
23|3hQpV9Q0A7E|1357|5855369|0|923|16882
23|LBetML5hatQ|2|1489|0|0|7
23|_t_MnyAYIuU|128|384953|0|162|1666
23|aKp-lDM5fus|12|54612|0|23|167
23|B9xR9CSgnRc|53|6116|0|11|144
23|2J6pa5XjyKs|83|19114|0|6|301
23|VyqSpw0vFCI|14|64223|0|4|187
23|rLRo3Gf6Vw8|0|679|0|0|1
23|SSmDRdCMJs0|9|478|0|0|8
23|BlL1zX930r4|17|68989|0|6|231
24|SfZWFDs0LxA|38565|82025786|0|33174|219768
24|TUnylyz5mqQ|3237|8118541|0|3974|43951
24|0tXaXNCtbZ0|1081|3554508|0|728|19478
24|Fns7oJeQmZ8|3909|12601160|0|2742|30651
24|MH_UsR4Y_aE|227|905206|0|225|3935
24|aCW0Wj-6SuM|305|635398|0|294|3573
24|StxirWNZW1M|11807|4978371|0|4495|135414
24|n6BVyk7hty8|8091|15406016|0|14594|72622
24|bdagP6--_-s|1334|2341458|0|626|13468
25|m4NCribDx4U|1012|6603212|0|321|12732
25|kl8F-8tR8to|3393|13739244|0|1320|37386
25|Th_KrhqmHk8|224|1322916|0|72|2574
25|Cbh4tOEbir8|33|170054|0|13|411
25|R5aWvnS0e_M|73|572884|0|52|1239
25|ijXYed0_kzA|153|370802|0|38|2146
25|9co3wgp2i8s|34|263278|0|12|451
25|pYmDc7WiRK8|12|34865|0|6|72
25|ctcfazxgHVs|217|121258|0|41|717
25|7v3UsX2peoc|12|30297|0|9|298
26|BNJ-UxlKXGY|572|2597480|0|384|6211
26|ojuLwwASMaU|110|491250|0|98|1956
26|-3penrWylEk|819|1329809|0|302|5399
26|A9Yb4AdiVkw|1|95864|0|7|65
26|BfyTkR9vzAA|13|55569|0|11|158
26|5Cfak8g74Cs|31|53815|0|28|544
26|jc-MUQeuS1c|91|19721|0|12|283
26|EM0VwEkxWTg|0|42267|0|5|70
26|mkdMZYJB-60|57|106657|0|14|312
26|b8f0C61BTAI|4|506|0|1|11
27|j-VAOlHGE6Q|353|1697079|0|238|3612
27|fOupcStlL0c|218|440207|0|60|1839
27|igbhvRKhhIY|147|99250|0|58|435
27|GERcMcr8-ZM|0|17876|0|6|46
27|QnJtKmf7Ozo|73|531584|0|63|1447
27|1ck2q-fkbxE|2|4873|0|1|25
27|RJIFo_Nv66s|1|1309|0|0|5
27|dzCpu7wgH-0|0|5140|0|2|5
27|MdMX-zSaRno|9|43237|0|8|167
27|YtaXO0n9IsU|0|76|0|0|0
28|MxCRgtdAuBo|6965|22582627|0|2982|44401
28|6vY9UPiI4eQ|462|2549715|0|348|3776
28|PjuDR9dpiR4|300|1525035|0|292|4413
28|_6mvnLGyfw8|0|22631|0|2|31
28|MoWPbrT6qdk|2|61858|0|11|218
28|ZqWq68gikH0|96|319140|0|82|1555
28|OvQ3LUhz_Jw|2|378631|0|6|194
28|GgjE_Mk7eAI|312|144904|0|85|684
28|l4aTeBljLGk|2|12068|0|0|61
28|aXWWrhgh1sg|3|4506|0|4|41
29|1Ks6JqLzVTA|2491|5456665|0|778|11899
29|wDwTT37YBcE|146|524306|0|82|977
29|wxHcKnfclP0|344|648407|0|103|2300
29|ICMH-l19uvE|5|42936|0|5|41
29|BYbY2S7-1nk|305|127052|0|121|888
29|7IKHRdf_oUQ|327|757159|0|152|2615
29|EH5wrT44uWM|9|15329|0|6|94
29|Lb5gmLsqt-o|32|135371|0|24|301
29|YUGqZ33N1Xc|4|4687|0|2|27
29|awBQZPP_b64|53|10385|0|9|167
30|cIpD7V4cG9c|152|1196572|0|244|3016
30|tsFnwgUlrxs|221|734867|0|140|1289
30|IFRtK6nQBHA|0|1760|0|0|5
30|SrOJZEdV_88|18|79092|0|14|132
30|4x7zRQJm2s4|90|114413|0|125|641
30|u4DH9Yu7_Hs|98|149027|0|166|726
30|7DcRnFlZME4|0|470|0|0|1
30|GjioxCCzQtw|20|145691|0|24|125
30|ltwkZFB1HtM|12|112427|0|0|0
30|0ybdhPHkhGE|34|285354|0|96|796
31|6fLJoznTrrY|119|428133|0|49|450
31|0kRea2b9_lY|14|156994|0|11|124
31|NhFuAeNir5s|3|4101|0|1|5
31|qSNclE56eAY|12|61723|0|8|142
31|a7BC0C9ES4Y|0|1013|0|0|2
31|B50bLzmChh0|1|23852|0|0|23
31|99XxMLgE3AM|279|998009|0|133|2402
31|SV7KcBp7pl4|1|24259|0|1|11
31|PSGgiZZsSu8|17|60365|0|44|180
31|MK2k7DHj-pY|0|498|0|0|1
32|QHWbzrCJ4nE|1842|4038488|0|512|14336
32|m7lBDHaY4M0|524|863649|0|108|3408
32|l6bmTNadhJE|3031|8372528|0|887|25470
32|JyBQzlHoqpQ|0|8321|0|2|20
32|Qid_7GfI7eM|357|939998|0|96|3182
32|tD5xSsCCLYs|27|85978|0|13|174
32|q7_qn9KgFJE|267|2338793|0|64|3096
32|AR8hxxiapyA|32|37820|0|5|280
32|fj3Zt2T72Lg|324|141007|0|209|561
32|nOCLdwo9cAk|189|271529|0|65|1862
33|ee1bNFGpJck|51|91078|0|42|141
33|Ks6xf3GKNcg|1|3469|0|2|8
33|OMCqC2ZDEqE|3|12034|0|7|20
33|lEqrpuU9fYI|2254|11743009|0|1570|28955
33|yr4eJgfeAjA|5|11035|0|4|71
33|-MYzi2TPRcM|566|1064614|0|76|7993
33|g_6E7ulodyk|36|134694|0|9|531
33|cdLl1GVjOrc|3806|10023014|0|1346|28328
33|hEJnMQG9ev8|13486|24344020|0|4324|79210
33|bf-WPIC4ls8|22|24398|0|6|148
34|3REYWGRmLnQ|221|997438|0|114|2625
34|O96og_f-Omk|291|653303|0|133|2371
34|3Pj4vSziDCU|12|70568|0|9|139
34|iZa-aD70B9Q|86|15901|0|7|312
34|JZwXZte_ctk|69|209030|0|15|345
34|BnpPZv5b1n4|9|47226|0|3|110
34|_8flA9hBFMk|2|13605|0|1|21
34|BHc_ZTEH0VU|23|139123|0|11|235
34|cX-ZoO3mWBA|1|398|0|0|7
34|xL2RFeny7qw|0|397|0|0|1
35|8yb9Dn2mnMg|247|3066699|0|254|2940
35|xBjJFxS0PoQ|15|133342|0|14|181
35|0bM5vyZBQFA|388|3874049|0|346|7293
35|G2vX8CLvIOg|70|120862|0|36|1259
35|x296Eb8guiQ|57|242647|0|52|1215
35|IRsQqurOg9w|16|136031|0|22|234
35|W-Rc6fpZJ2k|102|173934|0|12|471
35|xV8B_eAV9u0|0|18423|0|1|19
35|_2-zBSbyFsI|14|47273|0|11|223
35|fwv7aRyON0w|62|47116|0|23|300
36|xQGpDi5mM-4|286|1050024|0|169|3611
36|I8xU33XvWXg|1|103745|0|6|27
36|y3bD649uoIQ|208|532427|0|124|3561
36|JFsaVrSL6CE|2|24819|0|3|66
36|Vc9vWYSjWRI|33|691634|0|113|1472
36|XewcSkSCm0M|7|16036|0|4|107
36|V8z7oaBZRCU|0|263|0|0|0
36|_yXN0oSHlus|0|334|0|0|10
36|gEyiBlelEhI|0|689|0|1|2
37|ulaGT6b8tgg|98|439172|0|79|1078
37|GAengaj3l9E|264|1374303|0|177|1821
37|1tB0fFRTG_0|1|30695|0|6|59
37|c-u27stUDcY|0|1127|0|0|1
37|a_3A8IHBcR8|0|634|0|1|3
37|rugweCWn2fQ|0|4356|0|1|28
37|F0sFPuf5fiQ|16|24602|0|6|62
37|k-icjfcvwTI|0|113|0|0|1
37|iXWuJ6wHE44|0|32|0|0|1
37|Arf0aPp2NAg|0|2152|0|0|1
38|UbuvFMvytu4|593|4635443|0|692|9391
38|ifPd3sRZDIY|105|738200|0|129|1086
38|JIS3-P_7hWI|116|332214|0|171|1907
38|zcDUV60GMK4|1|3640|0|0|6
38|HzXcsCnLkvM|7|18699|0|4|55
38|F30FCLdzdL8|0|46812|0|0|0
38|A3uUFvbzgI0|0|136|0|0|0
38|wBZYVCdZYYM|1|2648|0|0|2
38|sCf0-dhEr8U|7|15396|0|0|116
39|HkZYbOH0ujw|3119|4815706|0|818|10396
39|QX38jXwnRAM|1023|2294741|0|527|5250
39|96Itg4gjtts|545|1069083|0|174|2305
39|u7WCxjW_qro|62|30461|0|20|647
39|f92P688jx9U|114|255230|0|33|581
39|XZSEGItemyk|17|64663|0|23|71
39|pqSKymETaZM|81|169501|0|39|358
39|Ht1AJnQqTdY|1|6307|0|1|10
39|M8XhHBAisEY|52|210400|0|33|399
39|3yZ7Jb8OMxs|1|23658|0|3|20
40|_Buvv8StMGw|48|329583|0|91|257
40|iWFzbPdMopw|0|1817|0|0|9
40|q41ajQ-scdo|11|32558|0|18|57
40|MhcXNP8mYSI|1|1839|0|0|4
40|4Dsg-rInZEI|77|316091|0|120|249
40|utuQ5f7cyAA|4|15810|0|10|21
40|4i5VWOmJ0QQ|0|277|0|0|8
40|6PKSR0CcD2c|0|178|0|0|0
40|AGndfRQc7Kg|0|112|0|0|0
40|aTEcxWEzfFQ|0|6|0|0|0
41|7uDuFh-nC-c|1652|7196256|0|582|11836
41|plrh783KCqg|68|407901|0|39|803
41|6P_C73BPT7M|624|925624|0|95|4231
41|IQqICP_snp8|283|1129726|0|83|4274
41|VgC3GO3bAgU|5|14443|0|0|38
41|7H532rUgqj8|4|23303|0|1|38
41|l8YgZZhPBfg|108|33437|0|33|280
41|MbnmPH7cXZU|32|163135|0|35|562
41|YrmuWnEql3k|134|295834|0|60|1138
41|jsdQXhQfO2Q|5|618|0|1|8
42|Qn_8sgluZb4|6|1624|0|0|37
42|_AKTGwW34Tg|0|911|0|0|2
42|dCIzdSZA-Yw|0|0|0|0|0
43|ogIX2Q7tEdc|5019|1830746|0|1713|9794
43|9kBcmuGuS7M|201|152720|0|39|1190
43|vTMc8904API|43|51156|0|30|283
43|DEjmTO3Gsgo|0|136|0|0|0
43|LUePyBQssfk|379|747284|0|284|3707
43|c7yWNSHCpeY|1046|1014083|0|3997|8460
43|J_BYg51IuVg|1|42|0|0|2
43|KqCPVbeyUcE|1|32|0|0|1
43|fjJh9iCHuTs|8|12667|0|3|36
44|Ug9xufczPVE|917|4139170|0|439|4946
44|ZrUVEca2AuA|88|485964|0|46|421
44|7s6phXQPqd0|95|278224|0|65|586
44|yN5EPm0updw|9|45208|0|4|196
44|Hy0jKokx61o|1|8756|0|1|7
44|R-q0hb31P3w|3|10763|0|1|48
44|2yYBFrxbobc|3|4340|0|0|17
44|R2E1JW4gVao|38|5869|0|0|112
44|bHt4TgPh21M|0|914|0|0|3
44|HijEbYIZfzY|3|1957211|0|9|20
45|nSfZahdXxU4|1550|7112633|0|1341|18584
45|yqpfHeXqbQ8|615|2032710|0|501|6174
45|SWEEmtPN0bM|62|167708|0|25|1058
45|cRBlgjj76Lk|27|82314|0|11|209
45|sD1Y8W-XJcU|0|21924|0|1|37
45|n5HNaEZRlvY|1|27457|0|3|54
45|4145lmY2OXU|10|80137|0|24|179
45|0dwFLyOZ2Lo|75|8022|0|4|148
45|kdpuR2jY4Sk|0|11189|0|2|20
45|AKTN72OHtJE|2|2789|0|1|4
46|85UGDRqOeW4|151|386888|0|317|1134
46|DuOaqUCt6T4|99|224585|0|194|809
46|prVe4COs8Bo|0|2415|0|2|6
46|gZtSl-3YWjQ|1114|1295453|0|121|7087
47|lEqrpuU9fYI|2254|11743009|0|1570|28955
47|l5lojEIitNw|874|4593357|0|742|12351
47|Q_hSt6KIHhk|173|685229|0|77|1796
47|6Y8WSxi2TQw|22|271315|0|108|276
47|OBmfMaQY56s|11|65568|0|8|174
47|ZNKlBlSIOEs|17|28893|0|5|148
47|AiKJqu89z0o|141|153113|0|129|562
47|LwYzZ5NgVaY|45|27367|0|6|416
47|b7RaRmoidFQ|6|17757|0|2|75
47|2ZjzJfmkb8I|2|3759|0|2|69
48|K4qLXp2kX3k|0|0|0|0|0
48|IsOlj-xpK9Q|8|28980|0|1|80
48|2OTiyzLnhkA|114|15615|0|34|980
48|GTo6yvJ5SCM|11295|10342914|0|1473|83616
48|owU3lMxd6jI|11|267233|0|10|74
48|YhH8xe5W578|178|176628|0|206|485
48|zEr4XrfcBLU|8|49891|0|8|77
48|_YGmTdo3vuY|1076|2566304|0|1261|6298
48|z_An3W-oO2k|578|1947058|0|108|1624
48|5WSMrSucjGA|25|212958|0|41|247
49|nqt1I1OL_Hg|518|1960246|0|182|3707
49|mjyPpM9AdXo|475|1741648|0|253|5672
49|AaCAby0GicI|2|14899|0|1|12
49|6lzg9tJwItI|143|133088|0|35|785
49|EhHEzTlfQtU|194|35151|0|31|439
49|oq3B9EQ9XZc|2|14911|0|4|59
49|_KAbKJmnfVE|1|135125|0|6|62
49|lf_iWPb2GoQ|0|3318|0|1|56
49|jbxI8P1Nh1o|2|9423|0|1|6
49|Z_qN59GYZsc|1556|6538498|0|1044|16940
50|MAt4T-FoEuI|100|386470|0|61|1170
50|v726Dufa3IU|184|779915|0|109|1686
50|K9cG9BzxMps|213|1317618|0|181|3329
50|LfFGwbr0AKI|4|68261|0|37|121
50|67Lwy05B98M|3|74479|0|5|120
50|TzWkJ3JtVKQ|1|8247|0|2|17
50|LseqlwpuTJw|7|27814|0|10|169
50|XoWuUeYIqf0|0|910|0|1|3
50|yxWh2zMSJW4|2|573|0|0|19
50|VgSQePbxLgQ|2|5274|0|1|24
51|9bx3KTGBEaI|51|430422|0|63|864
51|wu9JeTX6Sdw|259|849148|0|86|1410
51|cfxsdGyjP0U|5|5209|0|1|50
51|WX2RIWw8T2E|0|100456|0|2|232
51|0FIpu172U_A|30|141901|0|10|263
51|7YauQGNbN6Q|0|68798|0|0|3
51|tQgdngaWEk8|0|620|0|1|0
51|ZZjrT14_wYc|0|50|0|0|0
52|PI8XBKb6DQk|547|1499670|0|147|4359
52|gyKqHOgMi4g|608|1250300|0|143|2097
52|EoQuVnKhxaM|2702|5995384|0|545|13000
52|sNExF5WYMaA|263|2139168|0|60|1976
52|hEcB7T-C0g8|123|190876|0|37|502
52|Mw7GS_-QBhU|62|204796|0|29|483
52|zYjDApK6_oE|167|259324|0|33|1801
52|SEVapVSI2ZQ|97|445241|0|25|787
52|H3HTAvcdQM4|0|230|0|0|2
52|vd-uChO04Tg|20|33792|0|28|206
53|FUS_Q7FsfqU|1952|12684178|0|1119|31627
53|uEDb35R7na8|76|1694260|0|58|1819
53|tpwHjiubFss|333|2738856|0|459|9376
53|9IKA9BXEJXw|36|13915|0|5|185
53|jDKt3u-4ELw|8|55422|0|4|314
53|x4cHcZtqMAc|37|18970|0|16|227
53|lQGxKzYGjBw|3|19794|0|3|39
53|XgaJCNeIads|8|64475|0|4|255
53|UZAkqLG2lSU|4|13433|0|5|116
53|PkHtzkoWAq8|1|839|0|5|17
54|H8ngDiG9V8w|728|2626963|0|331|4837
54|bvDHAR0ySDo|0|12010|0|0|10
54|BQ2Nd53ye-Y|516|586828|0|198|1221
54|g3Mlkw9bJwc|0|0|0|0|0
54|BjHt0DZqLpQ|2|1515|0|1|64
54|sfxN5jp-WME|0|2934|0|0|22
54|_D6xu_gy554|0|1223|0|0|2
54|KN5fu2ePEJs|620|130628|0|64|3465
54|K-TWTZr2Fy8|0|45|0|0|0
55|EcdBjGqHj4M|1|17184|0|0|36
55|w-ETPcrkWyA|7|78996|0|10|150
55|OxsJFBXNywo|2|3907|0|0|5
55|y3N2E0n-HZI|2|36676|0|4|78
55|aEg7NjzwDO0|8|59977|0|3|52
55|yS7YE70jYak|0|1182|0|0|6
55|Q8mhgcMU-kI|2|9383|0|0|16
55|F-Y3cTM3A2k|1|1397|0|0|7
55|emmVOyXKHiA|23|198610|0|8|337
55|U5dIkp355rw|0|1744|0|0|1
56|I0_JydvJ9-I|71|425466|0|58|1010
56|dxhBhfsAtOQ|117|242405|0|146|1447
56|UHHI1W8iwDs|1|11941|0|1|28
56|8mjd6G1duL4|0|1738|0|1|8
56|46732P83Hf0|0|40|0|0|1
56|vO1zfeWnrzU|0|1064|0|1|13
56|37KQ40NSk5c|0|212|0|1|0
56|h3ko0XfZ0T4|0|918|0|0|2
57|5qlFGI5n_C8|246|1027909|0|143|1774
57|Y-SnTb4-u6M|8|60344|0|11|82
57|s6sWWH4Fwg8|1|15232|0|1|16
57|6IWAM3aDTPk|74|12626|0|9|176
57|AhwqcMHKXeM|0|288|0|0|0
57|vMMeTdkLcEU|0|30|0|0|0
57|tKTHCmgd3cc|0|4800|0|0|2
57|bwvCSfBQekI|406|2547355|0|435|6479
57|N3W38b9InG0|0|539|0|0|1
58|Uia6y9SRsj4|1848|4818335|0|752|10889
58|FIbgJj15pic|28|81889|0|10|162
58|ZgRt4VHIVPw|351|796575|0|95|2164
58|5f0eBTZ6cCY|12|8993|0|1|51
58|mjgcCgVrLyU|0|0|0|0|0
58|BCb5YvAp-OE|194|21498|0|166|246
58|S2L6CYTlGqY|24|5097|0|7|175
58|KT05iBdlKGU|0|371|0|0|7
58|0n0ILypQ3HA|4|727|0|0|12
58|8xYTSj7g9I4|0|0|0|0|0
59|Qwh6_bMcGl4|325|807176|0|144|2341
59|xasvQYdvSD0|265|748342|0|95|1862
59|RrSL7_dyV38|48|157957|0|52|530
59|XXf9ja5drz0|31|155121|0|20|454
59|AEs4yZ4Lu1Q|2|11344|0|2|16
59|hwam4BVlsYA|0|559|0|0|1
59|oyATka_FfbM|1|519|0|0|2
59|Z6Tak2Hp5ao|0|174|0|0|1
59|zARXaFN9YaQ|0|81|0|0|0
59|RL9q35Joqyc|330|463237|0|144|7071
60|b_ld3IJ0sUU|1789|2987343|0|1491|11054
60|bmD2vogB6yE|490|2176504|0|400|2788
60|9caWuoYjFF4|72|249160|0|52|560
60|hYFHXap2EDA|138|77692|0|51|490
60|X6yXgbIIuPU|53|73559|0|27|415
60|coQKaCXky-k|16|21163|0|31|54
60|b5nMkY4UBmQ|634|1577891|0|438|5738
60|oQ6LotFJaHQ|0|72|0|0|0
60|r5vGfPjSQXQ|1|11612|0|2|15
60|GtAVLppdvmI|5|600|0|8|11
61|-MYzi2TPRcM|566|1064614|0|76|7993
61|g_6E7ulodyk|36|134694|0|9|531
61|D5cBpOH8RZY|6|8775|0|1|80
61|VDP10TfAQGM|0|87|0|0|0
61|xLcueCRRtjY|149|546201|0|61|761
61|HIaETCvXt4E|0|425|0|1|0
61|y0nPXSDtqNI|0|624|0|1|0
61|zZUzIZ0ZC30|12|34020|0|4|264
62|Y_NiP_bqlns|3993|12871047|0|972|47683
62|-TY1kM4IBlQ|129|75375|0|62|538
62|icB-DPmdaPw|4190|1389542|0|557|67458
62|xu2ghucS3Tc|17|26323|0|4|184
62|fc2Egusqmq8|9|45914|0|5|155
62|XIfof7h23c4|0|2075|0|3|9
62|6CxEjVyKEOM|3|45360|0|10|59
62|5I15k-ZsFZs|591|587335|0|107|2588
62|x_7YlGv9u1g|32283|38346655|0|28186|321846
62|GR1EmTKAWIw|1656|4912981|0|637|8308
63|Q72LWqCx3pc|23471|22575778|0|10172|129361
63|lRhUId3gtoE|1518|2471805|0|605|7833
63|5liTryEjqyA|9379|6706098|0|3062|153014
63|L8WK35vCJnc|434|521562|0|265|1500
63|jN2GXWG8ZtE|48|49568|0|88|169
63|VEJ1c96dch8|11920|4614682|0|1618|143486
63|5SflB5yqBrk|1447|839511|0|277|10768
63|xX1dxOxYktk|707|266158|0|148|2713
63|ZdSDSuLM2vo|68|99468|0|30|388
63|m2xV-e-mtfY|493|337855|0|347|3594
64|hMY6m0bSTOg|16|411424|0|69|285
64|MSDKkMS78H0|62|941143|0|66|526
64|ZbBSR1o6li4|326|2619271|0|389|6198
64|-D2kTGVbGxc|5|4867|0|10|45
64|Ar_-v7dEEoo|927|5260551|0|614|3529
64|LBBgv0N3Vck|326|6140769|0|1722|5528
64|6BpdW7Cvxno|3|67538|0|5|77
65|U3KEVWeHPg8|239|181344|0|66|867
65|p41wp713Mro|15|52791|0|13|328
65|vKm8kL3RvYQ|5|34764|0|7|81
65|Wzi-DVjA4-8|9|5558|0|1|42
65|eoypBM0zuE0|0|6969|0|1|12
65|Z7qbGdl0eRw|0|178|0|0|4
65|bXs_SWiQKwI|0|719|0|0|4
65|R1X8k3KtZAI|0|163|0|0|1
65|hV0ftVrkoUw|0|48|0|0|3
65|s0Lmn3XMzGQ|0|50|0|0|2
66|mOACSS97KQM|1142|1853601|0|397|11360
66|ZbJKh3eLskE|231|158530|0|268|881
66|Pv7vCRWTd_4|12|20069|0|1|96
66|6SwwKHHFy-A|3|15063|0|2|69
66|w8pQF1IU1QY|153|334402|0|86|2838
66|ch40IV41eCc|19|25022|0|4|109
66|BbHDrzOa1V0|0|368|0|1|3
66|EXhRu0ls45E|6|276|0|1|2
66|yY241s4XzS4|0|1334|0|0|2
66|rNzYujzX1K0|51|267291|0|153|953
67|LoGzbn_HVsA|337|2953719|0|458|4577
67|t3WDSlzpgfU|3|32500|0|3|48
67|0Sd8KtkvTD8|18|194132|0|19|261
67|zCIfGMFD3oc|0|10561|0|0|5
67|hpU5Qcr_ZIk|0|1963|0|0|8
67|l4_iNfK-XtY|2|11107|0|0|12
67|VxJsGKn2kyA|656|2527615|0|117|6270
67|aYDrMqpWkjY|7|75851|0|7|110
67|fSKHPyvUQHc|0|59|0|0|1
67|lhlQj0fDPh0|0|9|0|0|0
68|b_BdzqsIX6A|2201|5002633|0|1037|17405
68|S9dQ8FWtOoY|224|475375|0|97|3213
68|swsDzWar2Pk|3|27689|0|6|65
68|0poy-43i5Kg|246|112803|0|62|746
68|7JEjt4Wi2PU|0|10264|0|0|20
68|GcX1iOzCRIo|5|3116|0|2|73
68|GlqwBNOkpI8|46|15209|0|10|523
68|3zMvua4n1os|0|1112|0|1|5
68|bt-gbYB2eO4|0|135|0|0|0
68|_9EZRL6rXtw|85|19396|0|3|378
69|clbSd2JzAqc|4038|13959220|0|1216|59065
69|g9-SnMldtGY|298|1316583|0|89|4341
69|h6hDLBqGcXs|8|452012|0|13|223
69|PjZgTFYX5kc|28|173477|0|14|767
69|LpSK6eP2e-o|2|7224|0|0|8
69|njL7nT6Viv8|158|142158|0|47|691
69|R7jYvIaNJ8Y|1|17551|0|1|35
69|7Dw9VhHSPUQ|7|3804|0|1|36
69|lSYVDO-16es|1|9066|0|4|12
69|MvcKWqQSNZA|1|16633|0|3|92
70|5-_9AFwMDmQ|540|1883842|0|140|5211
70|WCm1XNVD_0c|329|1662328|0|106|3545
70|VEXGL-Y5D2A|25|229050|0|16|324
70|eBKnSeQhnlM|6|29686|0|1|49
70|YqJu1Ki_UuA|4|2187|0|1|30
70|dbf6itplkoA|0|8425|0|0|9
70|7igCTD9SLeI|0|5995|0|1|13
70|wEO9TMRHMYg|3|16275|0|1|27
70|DB0oS3ZTtJQ|19|56339|0|0|182
70|bl823fl5Gt4|0|443|0|1|5
71|A4vqHV44eZE|369|1952028|0|376|2285
71|3PzB1Feeocw|49|372991|0|47|240
71|z7gN7e3rzsE|32|35066|0|18|142
71|fgJf_p9gu1Q|0|1926|0|5|8
71|y8mtfVwuK60|8|43955|0|9|217
71|S9zIw8siL7M|4|4280|0|3|22
71|g1NB3rckaQQ|5|3271|0|2|23
71|htihx4YB_Dw|2|88|0|0|0
71|9GX6M9NXHKw|0|0|0|0|0
71|uNdJgUE9y2s|171|582663|0|119|2634
72|fUeOBdxSjc8|1266|8832430|0|1322|30492
72|fWz5-ck9FRc|6|230318|0|72|626
72|86nRuz4YuPY|202|2284295|0|419|4018
72|0WokW42YO0o|153|1148638|0|209|4330
72|D6ouHWP0KrY|10760|8600458|0|572|25905
72|9NMqR2FRbLE|3|36730|0|5|149
72|CdLun1WXRJI|14|455080|0|62|891
72|opH8zxHQICM|8|9798|0|5|27
72|AX-A-i8FdgM|31|15819|0|9|217
72|d3e52lMxJVA|4|33662|0|3|194
73|AQ5Vz8qE8R8|2340|6536907|0|719|16066
73|GtyvEVqxtyI|97|325148|0|45|500
73|XbJ49IUyCcA|249|1531493|0|288|3440
73|AFma24S-Uvw|370|3761678|0|355|3639
73|fffJj6zT7r8|6|37655|0|4|26
73|ZrYPRiSk3Fc|6|62456|0|7|40
73|aoA-RpSbEb8|127|17430|0|3|412
73|PrF-7E5PJIg|10|67302|0|8|158
73|tOwzJpwzIoE|475|52027|0|402|373
73|sEXcmQlgZM8|1|7059|0|2|47
74|hEJnMQG9ev8|13486|24344020|0|4324|79211
74|cdLl1GVjOrc|3806|10023014|0|1346|28328
74|YWNWi-ZWL3c|7012|14104620|0|2640|47081
74|iO0jUAzOsV8|778|1870628|0|274|8110
74|woHTUsl66BY|1966|4221030|0|532|15076
74|rtKfNYpXp3c|283|1121967|0|155|4380
74|Yd7kZaMsPDM|94|382326|0|44|1044
74|jnsgdqppAYA|153|243939|0|43|587
74|Z_dAfBWswrQ|75|283031|0|43|982
74|axWhhGKBjVI|152|97770|0|38|1079
75|TY-u5P9pRwA|1992|9864495|0|1070|41369
75|OgPm-yaLoyo|390|2044681|0|333|6472
75|Jue5k1X6AIE|153|648891|0|91|2488
75|6bh4mvJ5jUg|3365|13092429|0|2537|48748
75|N1aXgLtMXNA|203|1211084|0|610|3577
75|OSXYuIJeF2M|92|434183|0|31|1542
75|wl-AZqbXqkg|168|1041335|0|226|6100
75|Si9U9dMJ_WE|295|3129513|0|376|6392
75|ehfsNemj3E0|92|1531463|0|208|6255
75|o2Jpfv-r0Ng|3|15857|0|6|107
76|HD2sz9RVzfM|2557|4538907|0|1121|15463
76|8u2KUpPNIf4|953|3120917|0|539|7961
76|9eZgEKjYJqA|512|1127254|0|184|2679
76|pyuZQtUrVm4|644|4356910|0|562|5773
76|aTz4zg-DSxE|387|580034|0|228|2798
76|EwsHWPCS0m4|23|80197|0|12|179
76|VRBt52h4g5g|251|61759|0|29|801
76|G67aBda7fBI|11|22250|0|10|76
76|u12Km1I52qc|17|57863|0|14|208
76|NkRTzs_A0Wo|3|63140|0|13|101
77|lWZ7O-RrATY|2064|8255790|0|935|24642
77|HuAxVfZasUk|10926|25316941|0|5903|172207
77|cUhPA5qIxDQ|65219|104574216|0|23727|503597
77|lNzukD8pS_s|1396|6683248|0|977|13530
77|Rv5SLDCDJ04|834|989968|0|265|15076
77|Iue0ppgQGzY|801|642269|0|181|15623
77|U-4pdTbWFQQ|22|38359|0|7|169
77|a37KMrSVh-k|365|734204|0|105|3455
77|8Gzn2ZGPPlE|234|1098074|0|70|4353
77|Yzh470IkDqU|4|12714|0|1|55
78|PZq4uuMP8ss|2005|1132909|0|124|13322
78|jjmrxqcQdYg|401|308370|0|43|2473
78|GlM33eGzN9o|17|8195|0|4|255
78|WJBTCf4laMA|50|77102|0|14|484
78|XKhevpXX-wI|3|4325|0|1|53
78|bPZi3viwmqU|3|42413|0|1|87
78|QMh9JfNTNdI|9|8747|0|1|55
78|1dCKdBtId5M|14|1379|0|0|83
78|WASWpDAFOe4|16|24652|0|1|117
78|oGRaWPQNKDo|1524|156596|0|50|7057
79|O3mf_ewjc7s|2311|9180856|0|1402|20581
79|I6H4eQhllVM|152|719833|0|140|1359
79|eZuh9pdh3eo|6|40628|0|6|104
79|fkrvblS5yAk|173|45382|0|21|466
79|_w2bW4ThF_I|59|22075|0|9|305
79|FB9PToBrnR0|2|69297|0|5|38
79|9ZUo0Au_46E|3|25357|0|4|148
79|aB3h3P8rNR8|0|192|0|0|1
79|XqzkrRJ6YKA|0|647|0|1|4
79|oP8kPMrNk40|1|190|0|0|2
80|yftHosO0eUo|7825|14392656|0|2411|39154
80|23VflsU3kZE|7967|21995777|0|3555|56706
80|SzRbK9qIhBs|2010|4259200|0|619|11174
80|xQr_ojji2Ck|44|789755|0|25|326
80|Bz9e0PGSDeU|6132|8585533|0|2573|21340
80|R9BKYraUNsk|10|21102|0|6|34
80|YsOUtNTMaA0|331|373561|0|255|1159
80|F1ZewAPl7L0|518|1114184|0|248|3885
80|u_CbHrBbHNQ|7443|7078717|0|1101|27320
80|-YjASEB59Cc|410|296531|0|33|814
81|SGSE_XPF4_g|1438|6898505|0|1468|14328
81|2zV4tgWYx50|570|2346785|0|363|6146
81|5t7dxINEORE|25|194913|0|20|341
81|eOpgxn6IGlA|22|8178|0|5|157
81|OGjHaHY6ddU|2|20765|0|1|33
81|ho9Aiq7Z_fA|73|46715|0|51|245
81|DzvOS7kzPnY|0|36290|0|4|11
81|nc6zhrJjd2Q|128|67562|0|59|337
81|mUsQHNvuySQ|1|10950|0|0|18
81|6YcEFaJ1NVk|0|0|0|0|0
82|3HxEXnVSr1w|2966|10093981|0|1372|28246
82|7DNXUvHm-S8|3390|7725728|0|1001|25313
82|O21hV9nVKnU|64|610950|0|79|1139
82|RJ8lnTl9ASk|177|535511|0|71|1297
82|xOXz6J7QOHk|3|1160|0|3|20
82|b2SwkL4eOyY|38|189406|0|22|529
82|pdVFPj3mv8A|51|89483|0|15|510
82|EtSJfdbNnYY|49|68627|0|12|270
82|p0BUOHmB64A|346|1338329|0|160|3808
82|av9d_PPa3CA|116|42558|0|7|647
83|S8DArknB09c|29|2012167|0|234|822
83|W9-PSOcWdkg|187|1764276|0|644|1498
83|Ym3LoSj9Xj8|1031|2115389|0|523|7278
83|TRXGch6675Q|2912|15380454|0|1623|32778
83|LkxBS6GGDLs|1806|1608685|0|1062|18538
83|MfV5FLea1PY|688|913569|0|296|7917
83|CQERFnGvi_A|9060|34456332|0|14600|52262
83|ft__aQSrHqE|104|253020|0|27|852
83|aMo7nwFGs4M|5|96046|0|31|93
83|ihMSnZKah5k|603|6807535|0|2575|7172
84|RFinNxS5KN4|55042|82351405|0|15750|309807
84|L-6G911eCvg|1798|5367727|0|717|19873
84|Kjkx0JbE_fc|304|1417168|0|159|3581
84|xhQKwJFRL1g|356|1986313|0|240|4840
84|bvu-zlR5A8Q|5130|10506104|0|2261|22541
84|S-rhHH417uo|906|1735770|0|249|5202
84|UvjE0U89Q9A|40|159022|0|20|603
84|bPpFdyEioGs|746|2738029|0|339|7522
84|TUFAH8d-reQ|1170|2042094|0|361|10969
84|8Bfv0gWG1J8|65|2547372|0|1006|2039
85|2qfmAllbYC8|2291|6262802|0|471|27812
85|BnLs49NL-c8|570|1177074|0|92|14199
85|FjU1M24Jlek|35|44895|0|5|581
85|OFSWhfnKwbo|83|33468|0|17|619
85|LdvGtZGEhcs|13|4377|0|4|46
85|8DZcN-EupjQ|0|2172|0|2|69
85|Ejj1j7v58vk|153|27823|0|44|409
85|5OJr4ozbk0o|4|2323|0|1|33
85|Mveb-AsktQQ|5|152869|0|8|245
85|eVQPD-ifmL8|0|676|0|0|5
86|3ViVPRWRRmk|1437|3188361|0|497|15125
86|JCh1Ude3KSc|94|748874|0|112|1226
86|wmnw_kzzWEk|30|128762|0|83|432
86|wlDrjAqVuf8|413|543819|0|310|5016
86|uGTpd09fWas|113|128379|0|60|770
86|sNlSBM8jVOY|410|1071499|0|843|4112
86|sXw4q83nVGA|156|291618|0|88|2992
86|FXGu9sUfUBI|3|459|0|0|13
86|dyMa95oBbcE|5|6166|0|2|66
86|9he8T9IDzr8|1|10270|0|4|80
87|WIDYqBMFzfg|3136|12009335|0|1549|43094
87|seMwpP0yeu4|4870|16465950|0|2008|45729
87|VJp3Q7qkfFs|44|265604|0|46|409
87|yRUAzGQ3nSY|1304|6741089|0|1374|15966
87|7ZLOYXKmIkw|911|5359103|0|782|8657
87|0aEdrSbYH90|466|1544310|0|282|4763
87|XiscvoO6GMU|24068|32960756|0|49157|149378
87|RNQ8i7TKBfI|2|19041|0|4|34
87|gU9Pk3veLUw|184|917188|0|138|2411
87|7lDkegpnH30|41|222044|0|30|759
88|hEJnMQG9ev8|13486|24344020|0|4324|79211
88|cdLl1GVjOrc|3806|10023014|0|1346|28328
88|YWNWi-ZWL3c|7012|14104620|0|2640|47081
88|iO0jUAzOsV8|778|1870628|0|274|8110
88|woHTUsl66BY|1966|4221030|0|532|15076
88|rtKfNYpXp3c|283|1121967|0|155|4380
88|Yd7kZaMsPDM|94|382326|0|44|1044
88|jnsgdqppAYA|153|243939|0|43|587
88|Z_dAfBWswrQ|75|283031|0|43|982
88|axWhhGKBjVI|152|97770|0|38|1079
89|S3AVcCggRnU|7580|29655077|0|7169|132909
89|i7wOFLLtTm8|937|1967480|0|678|17421
89|8zQDNPgGq5E|714|1076315|0|336|11089
89|DFFcDCaeboE|327|2614877|0|243|7864
89|u_S8dEeW5og|160|257292|0|93|3306
89|CDWq_YFHc9o|212|1058241|0|243|3414
89|bjCuAE205To|117|507466|0|98|3809
89|yCq3YkmHxiE|342|734884|0|563|2761
89|oPDY8JiHWgY|186|1500113|0|147|6089
89|pNngZ_cghTw|7|12776|0|3|103
90|2MxnhBPoIx4|3604|15236948|0|3799|25883
90|jGtqeO5oFCc|10|40507|0|15|112
90|v_yfdk_jSN8|706|1553683|0|519|4060
90|xETobANYaNc|50|779238|0|37|326
90|2kPdL9DceTc|6|345161|0|0|23
90|bC59VV6hS8s|74|20501|0|11|267
90|8H-9Yqb_njY|135|116769|0|117|605
90|uZfm_g27CjQ|1|477|0|0|11
90|JiRNcq8Im2g|0|287|0|2|0
90|tHvLqw31088|0|379|0|0|3
91|Yelog-WwqD4|1140|3221085|0|979|5882
91|2T53CcLdGIY|45|122810|0|27|181
91|jmnmAJOHsO8|122|47378|0|38|284
91|OM20JrUrHIM|22|100954|0|20|241
91|UugNK2wlCLs|13|43732|0|9|46
91|3_WjJs5B4Og|32|286298|0|23|439
91|RGz4DgONFt4|13|22080|0|19|190
91|s2clrrnAz-Y|33|78169|0|18|139
91|JMgSPRdJblI|7|15098|0|8|99
91|Z2JGefpdKh0|8|11923|0|6|62
92|5ZQVpPiOji0|2207|5296636|0|666|12711
92|79Q2rrQlPW4|599|3830598|0|312|8863
92|QEZ6l0iWXk4|459|997787|0|118|3234
92|Y-sHDyoHuZI|49|260580|0|23|498
92|BI2TlvNJxCo|131|377057|0|22|762
92|glPPzZIrO2M|62|30899|0|17|552
92|zpn8yFI7VHM|15|2684|0|0|40
92|P3GcaGWPsZg|2|11610|0|2|47
92|x599JprjsZg|173|125880|0|61|511
92|jqhIeJR6ZeM|2|38945|0|2|86
93|7pxZxY_Siyc|3003|8949130|0|1754|29237
93|2vqNOZIbIRM|504|1085240|0|183|5510
93|UQF2d0gqPDI|366|792679|0|194|6075
93|cvESrJ5GdHc|247|661572|0|50|1596
93|JtPBo5k7VSk|43|445992|0|22|783
93|d_oKsPetQBY|89|5600263|0|17|1029
93|J1tcOCuNW3w|1|4226|0|4|29
93|zRdkBJRnuUI|222|1156495|0|95|2130
93|F8MNOkF5xLQ|1|4866|0|1|8
93|YsIIDnRceRg|81|296356|0|54|2041
94|OeknNwE4e1E|792|4515066|0|405|8954
94|arhMMJx7tCU|260|1924482|0|290|3449
94|mgNs89c_DLY|322|2459784|0|279|5760
94|LTJrWuUUKk8|103|52333|0|33|1603
94|CKekowmBRzM|44|32830|0|16|646
94|v4qTrd80UQA|60|70341|0|48|997
94|B2_vIianauk|9|2759|0|0|44
94|jEnwTS3s5Q4|6|13075|0|2|45
94|Ngptwcz3-JA|174|1225043|0|133|2488
94|wzIDblwf5GQ|15|56585|0|9|299
95|uR-2TiQVY-k|1656|7309406|0|1305|15749
95|Ng7qMsbX3zM|287|838070|0|101|2274
95|ndawR3vXuFY|86|223005|0|31|574
95|SN4MLMHET7w|2707|8995490|0|2572|19645
95|8Ngf1vSOTgk|186|637974|0|163|2716
95|MTBYHY5SWOs|4|1128|0|1|17
95|XgmE4JQpFsU|749|1528355|0|585|6265
95|RRwvt3caTMg|9|3904|0|7|55
95|uhoOTJCmq2A|148|24129|0|12|513
95|rqmHSR0bFU8|1965|4156774|0|1103|8718
96|ncvFAm4kYCo|8073|20043068|0|13176|40062
96|-EJMRIQcGhY|739|2096776|0|745|6899
96|jg8u0eo_CLw|24|111414|0|25|172
96|-dqadFwMysI|77|205491|0|125|495
96|XQkAwS86sqs|3|33843|0|1|46
96|0hd49bnStgU|100|271857|0|16|343
96|2j6JQNnlCZU|151|468143|0|41|1215
96|qnKpdvyPaLk|143|491675|0|53|2719
96|kfZpS7wcAps|838|1441179|0|395|22852
96|FLf4cO2HEeE|54|355774|0|24|663
97|LoebZZ8K5N0|6807|20257307|0|1481|48129
97|QRfj1VCg16Y|8952|24408295|0|2757|62338
97|Wg72UQCJFEM|1333|3061928|0|319|13916
97|pJfTfsXFbLk|853|1877011|0|246|15945
97|zZZt2xUbvMs|117|296737|0|29|488
97|drMcGCTm55s|125|410797|0|35|663
97|OBN_DbtMl4I|74|264432|0|47|627
97|b7zlmNmAloU|326|145939|0|97|1681
97|swXsW3mOuLM|80|316758|0|26|730
97|DbrmzAw6I8Q|220|110449|0|67|2544
98|QlSAiI3xMh4|13015|12003752|0|4334|64839
98|X41bfQa7xFQ|398|2107557|0|110|2099
98|5OVHjPCOb3c|1781|2021804|0|461|16316
98|vwoQGZ7PCBI|19|16125|0|3|208
98|mYsqEqI89Og|42|196017|0|11|793
98|aX5ijZLcOFA|21|50316|0|10|151
98|XiGwAvd5mvM|799|2340175|0|207|5984
98|OF2fZS1KnqQ|235|25580|0|31|694
98|uMCgjrq1Ohk|1907|2701413|0|1722|9765
98|LUWFm6b1IPI|182|251788|0|100|933
99|ccE9LeAbPU4|1212|1492985|0|894|4343
99|MA_585U6iBM|259|563835|0|233|1523
99|w0Qe3vzZisI|430|174303|0|170|868
99|zbgfML3E3VM|20|47357|0|6|111
99|hMLn9bWA7UY|23|78491|0|50|223
99|lKVPXg9p-B8|7|15334|0|5|50
99|gBe2DVdOMVM|14|10607|0|2|37
99|6nnpL_Qxt90|3|10022|0|3|17
99|9wgPO9ngvwo|0|1743|0|4|7
99|aZbphsnxRSU|0|2456|0|0|10
100|w3GIKCSyM5Q|248|427696|0|78|1896
100|WRhZJ4M9E5M|14|169439|0|15|137
100|30ZIiRIxHk0|25|173860|0|50|94
100|7_ZX7jw3CFY|0|0|0|0|0
100|CRD-qw5TpWw|24|191330|0|39|292
100|P7kXtPkxJtI|0|1397|0|1|1
100|TRnNyAAq2g8|0|16|0|0|0
100|xmNcodxRJgM|0|13|0|0|1
100|ry1tolhVSok|0|84|0|0|2
100|EVN8nIf9AM8|0|76|0|0|0
101|7WwCW7Fypao|26|140793|0|36|77
101|80C3yttlDjU|73|94110|0|7|211
101|G3mPQnO7-HI|216|581513|0|59|441
101|NfZj64y-jtQ|0|3729|0|0|4
101|WoTKu_uO5_g|1|19|0|0|0
101|23m3EfXT0FM|0|2779|0|0|3
101|p54Kpl1NZ2Q|0|775|0|0|1
102|pn_OxiGIHI8|2|94619|0|15|33
102|DTcXuLbOxi0|80|327768|0|472|268
102|bjFmsiMyBfQ|20|76207|0|65|64
102|koBRTj5Cc_Q|8|125789|0|54|105
102|FUdd_ne_TQw|2|14542|0|10|13
102|8tkPi5y9VN8|0|1789|0|0|1
102|MhinVlQrHnU|0|35373|0|10|7
102|tWAr7jubzd4|0|112|0|0|0
102|wnMCcFnN0ck|2|66|0|0|2
102|pzJiWl8MXcI|1|48736|0|0|0
103|jcdhyaP0T7g|3076|8914916|0|3031|15978
103|g0GMzQwO2l0|1721|3689001|0|1790|3376
103|YjEF4mtOeQY|14|27695|0|10|104
103|eBq1AupSrLI|5809|10199707|0|7208|10518
103|2CDVpgw6I3c|11|33732|0|9|43
103|_nnEd082KmY|0|25178|0|1|31
103|KirMkiW_9Dk|6|49721|0|16|126
103|oK4hPe2mCr0|328|906944|0|1253|2833
103|wMLeuP_yStA|130|234170|0|188|755
103|teajO0BDdzo|50|57222|0|58|123
104|Id29tVGhbFA|85|489392|0|69|352
104|nJViXYp9sg8|74|171924|0|32|184
104|LORvftCmgTY|11|81227|0|9|70
104|Tv9RUU3wzEw|2|1731|0|1|3
104|rcxCEhcMvRs|9|6208|0|4|19
104|7TUU_oT3dhE|1|1300|0|0|17
104|IGON5LIbbPA|5|1610|0|0|19
105|7W0g3Jvlhvc|180|243467|0|439|829
105|ozmI77lJSRc|15|20229|0|7|46
105|0Xy1tUmgiv8|221|1055041|0|267|2143
105|w5kLOZbDRM4|9|7469|0|4|28
105|BOJelzFiFhg|3|40718|0|6|18
105|_2PlR-rE8zU|0|997|0|1|8
105|kF0eKrY06No|0|1870|0|0|2
105|LbduDRH2m2M|17439|25167087|0|5766|91993
105|RfJgT89hEME|7800|8576979|0|2300|30832
105|x_cD5gia37c|0|34|0|0|1
106|hjo7iO6Ghtg|919|2812306|0|827|6066
106|iSzebRi2o7c|78|187710|0|78|625
106|RWirEqJ2LNo|31|78914|0|33|208
106|jIyS1A_kuKM|19|478345|0|12|119
106|1sOYW_nzUOk|132|291445|0|64|888
106|pGBs9Oue6Ow|16|55402|0|16|118
106|fL6_2-eYj5U|4|21062|0|12|34
106|ZLFfkte53bc|10|3239|0|5|41
106|HZwD1-amK5I|9|134688|0|32|101
106|ROlA0zbPkw4|1|1704|0|0|4
107|K9KAnx4EvaE|971|3757694|0|378|4739
107|-KwmSyHktn4|5|39519|0|2|47
107|I1Av8GRPvxU|43|109091|0|22|523
107|goRvvSXHYtc|179|28978|0|8|263
107|pshbEJi2hZ0|111|107636|0|43|517
107|wqG0cpzLzTg|27|27694|0|21|198
107|YmkyGCjoxYM|75|393862|0|60|779
107|zE1lXLIwm4I|1|7437|0|4|12
107|FgAKFjRIelI|4|21966|0|3|116
107|aEYJrwdWfrM|1|7493|0|1|20
108|gLqmExuG6ms|241|746144|0|72|1038
108|Wr8TBZ3MHM0|0|2875|0|1|3
108|mRRmVHk6Xrg|9|48346|0|4|52
108|b5srhKryFVo|64|244085|0|15|665
108|X-E7JCOwUlU|12|79394|0|4|309
108|aGKtJ0ZffLY|4|62606|0|0|0
108|pB-_NPadz_k|1|190|0|0|0
109|fq4qP2oSpIA|592|2521846|0|643|3295
109|mMK9kQtl_i4|293|698618|0|244|2136
109|ZAZI48Dzbo8|67|131794|0|69|886
109|2o6eeoRULe4|2|4210|0|2|6
109|uPeFWoB2tQk|2|7161|0|15|6
109|B35VBpuWsBo|68|52078|0|68|411
109|lhGaVXmRAsY|1|3638|0|0|5
109|x8wfalsgs6g|89|332297|0|75|1010
109|MzpoXgPnhkc|7|32408|0|12|63
109|cStYaCK3eLU|0|1259|0|0|2
110|5klp6rkHIks|2316|10224621|0|1097|31650
110|kdXo4vBgG7I|736|8738605|0|897|18406
110|iWfmmwdCHTg|2717|13663333|0|1814|45069
110|LlD0rVWYYfE|365|2162072|0|456|9991
110|HSoglRq4mbI|239|763385|0|170|5027
110|pXJDIheyXfQ|1479|2002509|0|249|12219
110|R3xCt9HCWic|72|363957|0|23|1468
110|ioolQozxcps|159|1024296|0|80|5920
110|HuzMwS0XtZ0|89|47219|0|23|1061
110|UKPULWWK-Xk|512|3320568|0|351|6763
111|ex5cO79ZmmU|9|27886|0|5|34
111|8yBWq-75DX0|1074|5802212|0|633|2650
111|Feg6OW15tmY|0|2204|0|1|5
111|LBcELcHHiX0|0|1428|0|0|6
111|M3GR2CoIB4s|0|7034|0|1|5
111|OEHmoPuItRM|37|98492|0|52|95
111|G5dYElVeHPc|24|58331|0|18|101
111|26FrX45JoTA|0|0|0|0|0
111|YWmbl_7VVYk|1161|9294157|0|438|23065
111|VIPCLgB13wc|19|3786|0|0|50
112|NXc5epxOH_c|454|2092861|0|501|1925
112|2ri9NtxIf4g|522|319117|0|104|809
112|uqTHFL1EnYM|30|72466|0|22|96
112|JF7e9ZwU8H0|3|11010|0|4|13
112|HAKMiZBF48k|3|12774|0|6|26
112|WEOa-Ne8mOA|0|4022|0|0|7
112|7R3m1OmIZtg|5|7292|0|3|18
112|kUVEEEtWxEY|7|19713|0|2|25
112|99S3nW9XuLw|19|5288|0|4|62
112|Qpw0CY56ar0|0|82|0|0|1
113|cqdsp4kEVZ8|10|69416|0|14|92
113|pn9UQw07hbo|71|313367|0|20|283
113|vnVpw06QH3M|22|81447|0|19|402
113|kjgdcXq9FIA|0|781|0|0|2
113|UD2e2vkh6ms|160|17553|0|59|194
113|0zXfxLxXFwM|0|3522|0|0|2
113|a9USpTYJHvk|0|302|0|0|1
113|Zc6wTVqzzBI|1|4267|0|1|6
113|8dwuk1B3Z10|2|11022|0|8|16
113|LOP1HQdxwtM|0|138|0|0|1
114|wRcVgJjnFLo|870|7680043|0|784|19312
114|2EplDFUES9c|148|1285113|0|133|3077
114|ANZ2iX2w2H4|386|1920427|0|279|9292
114|Tar7cJihZjE|2|83101|0|19|111
114|VD0tfYNx2AI|17|608472|0|52|202
114|pvuNJORM22M|0|7382|0|0|26
114|6kqPqD099X4|0|0|0|0|0
114|iVvFjM8qkD4|0|2654|0|0|0
114|d3imh5xyovA|4|9846|0|2|64
114|cflc1dR4F6U|1|4991|0|1|46
115|hP1YAidiIx8|1|6865|0|2|37
115|mzwt8Lwaf94|0|7168|0|0|6
115|vW_cJ7Ut8Js|1|126593|0|5|53
115|GOluIYNTUbA|3|4777|0|0|27
115|0OcMgBBt5jo|0|2141|0|0|8
115|QkVWkRy03P8|1|13875|0|1|68
116|nShjLz8U5HU|0|0|0|0|0
116|IROQdIbehSg|38|154701|0|50|64
116|jBeSfnIT_Bw|5326|3417683|0|1532|16016
116|UKIAZjs__Xc|972|4976130|0|610|8474
116|lI7dGV4Cc68|12|46302|0|6|87
116|SI1AUNHHJt4|2|7676|0|3|6
116|EC88E_Zm06M|0|3057|0|2|2
116|l0l7uphJ-Wg|592|2132987|0|386|3561
116|FnRJ0r0eivk|1287|3274746|0|422|5409
117|czYqP1jbPTk|116|273292|0|152|1102
117|SziPDANik18|21|82678|0|12|156
117|oBfMOmR4S9M|20|116440|0|23|313
117|xOMoJrlZkZ0|73|63688|0|25|285
117|nA5z6j6k4Wk|13|21101|0|5|18
117|61ZGOpJNYRE|42|51460|0|16|377
117|2clQfkpvGTY|0|9444|0|1|8
117|lBPm0DlU5js|105|269295|0|27|667
117|KjiRablr2dE|0|10095|0|2|3
117|9CM6_vIbJaU|0|2229|0|2|8
118|6Q0LtXH8bJg|24|628067|0|33|183
118|j4pFHmSuHRQ|244|379871|0|41|1527
118|3TOeu6jCsUM|0|21075|0|0|6
118|hTZdVjisaCw|47|87181|0|56|217
118|Iy_ogNiryZ8|668|3753145|0|191|7329
118|VOeen1hsc78|8|7878|0|0|152
118|OJmi3-Eau00|466|875355|0|194|2543
118|9SB6VVvN4Zw|0|32|0|0|2
118|wHLsSTcUX5w|21|9230|0|4|152
118|7bLNC8VDTlQ|1098|274700|0|85|6462
119|lSTZTyMFlu8|6|6925|0|2|33
119|cOtxW3_-ZqY|0|4112|0|2|4
119|1TtxlK48RBo|26|136614|0|16|164
119|DTbkgsdb-uo|1|551|0|0|0
119|-R3_QsJro8o|1|19469|0|1|21
119|xHG434WOuPg|0|291|0|0|1
119|IW9Evo-B8Lg|0|66503|0|13|19
119|iCQ6JGp7O3g|0|0|0|0|0
119|ejtX0JJ9GTs|0|46|0|0|0
119|zR1oDEei9g4|0|824|0|0|1
120|IJ36cRPg9es|657|1523442|0|282|2462
120|YJ9tzmq-PDM|3|30566|0|0|25
120|iJQ48VbbERg|1|19075|0|4|37
120|hSrLzUv4TjA|11|77071|0|4|171
120|6fLJoznTrrY|119|428133|0|49|450
120|efniHzsM-nc|0|547|0|0|0
120|9RAE-BKK03E|351|264829|0|32|693
120|2PQmZGf36DE|95|282201|0|20|303
120|4wI4D1a4rfw|0|405|0|1|0
120|Z35DpfwYap8|40|113092|0|9|217
121|ipdZPDiTLME|33|237375|0|38|218
121|0Nq0Sqn_yas|1|3560|0|1|6
121|ujCS4Hfkdgc|3|11372|0|9|29
121|rTMd1l8kkns|34|108687|0|35|214
121|nEtzKmfDTU4|253|607045|0|586|1385
121|nWlgv2I_P3o|0|591|0|0|0
121|eKCpwUXh_Qs|138|3221650|0|762|2150
121|N7KzeUl9Hec|0|189|0|0|0
121|Zj0E4cb3lfs|6|68693|0|14|60
121|Y3SNDa2TKww|0|262|0|0|0
122|mY8NsrfBFKg|118|1012231|0|62|3592
122|O4iczrxVr68|5|213814|0|9|189
122|E1BPH2O8Wzk|0|23663|0|5|31
122|Wzii8IuL8lk|227|2245098|0|170|3427
122|jvd3TjJaf3c|64|648214|0|38|834
122|rlmILXxZUYc|2502|9476328|0|1927|23848
122|z90mlnCm-88|17|46816|0|8|129
123|E1ERrnYunBg|4616|10221125|0|2729|26155
123|D-_TxtG1CVw|496|574998|0|158|1515
123|j9jbzFmBa8M|59|311722|0|50|487
123|kQUulbkiNBg|480|1071962|0|548|3263
123|LH5UmVStHXE|5316|2555938|0|1550|10266
123|5nCNp_DcF7c|198|397410|0|86|2127
123|f_g-oP3MSnA|229|245067|0|363|1080
123|osY6BvtWeyk|26|70014|0|18|78
123|Gr9cSq0K2vA|19|52518|0|13|93
123|DFtRVDSzI5w|225|537901|0|213|2346
124|nNZFE3z0T7E|753|6450537|0|621|14902
124|-QEfDr1OE8Q|130|1372764|0|64|1984
124|eHqvp5dKY1M|0|27222|0|0|0
124|-f_8ixgO7M8|56|132426|0|40|329
124|nllHJlVbEP4|95|87562|0|84|518
124|6yELLfXPQIA|26|915422|0|91|2770
124|6CrijeuVZ30|5|80756|0|3|44
124|wx4wfI_ch4Q|7|28184|0|8|75
124|Ouub45fF_MQ|42|135814|0|10|207
124|QwSLmujMKLs|32|46516|0|123|202
125|ZbBSR1o6li4|326|2619271|0|389|6198
125|zlcAjC8ylt4|7|113081|0|34|114
125|6BpdW7Cvxno|3|67538|0|5|77
125|BYptvjHawmU|1|184|0|1|0
125|SkhI9qlcFL0|65|164565|0|32|1390
125|yXoZCAVTzEQ|607|2864179|0|379|7398
126|z10IPRpA8jU|22|94309|0|19|631
126|97aoiaWwRVk|4100|1224746|0|395|67751
126|8gh9S9k3E9w|2439|633622|0|148|39965
126|UVaBQuuwn7k|165|31012|0|22|2155
126|eYDDc_YWZ6g|0|168|0|1|1
126|Hkr4Is_vlJ0|22|716|0|1|17
126|i4g9N6fIsJg|14|14290|0|5|230
126|kCPvh9nQBrU|33|4991|0|2|313
127|ggehO3r1hMM|236|3730636|0|685|4984
127|sXAVfFRxulA|0|29710|0|5|23
127|f_nbzHuPrdc|1|27559|0|3|20
127|gDFzyNYp5W0|1|5393|0|2|21
127|Z5GmoIQ98tg|2|3497|0|2|10
127|CUKkxbrjD_A|59|185822|0|43|586
127|zHwCEC6QmVw|12|230322|0|0|0
127|9UvZMH6LZ88|1|8081|0|1|12
127|3zC13ekq1Sk|228|1181440|0|327|3297
128|TRXGch6675Q|2912|15380660|0|1623|32778
128|cKCnHZEdqw4|104|317367|0|154|1657
128|NTAzn4W48gc|89|4127315|0|64|834
128|DS64ygmk0hc|59|262599|0|17|186
128|7zQcambqtKc|4|148524|0|7|34
128|che5bHJVzLQ|255|3147678|0|595|5102
128|8rkpd46cU-U|5|9136|0|3|26
128|efunNqndwU8|3|37997|0|1|149
128|mZOVZRN4LOM|3|48838|0|8|66
128|eSQMZjH1VNA|0|20671|0|0|3
129|jBeSfnIT_Bw|5326|3417683|0|1532|16016
129|xPLSpmAtc1Q|2185|3149536|0|687|9182
129|6tC_5mp3udE|30|47662|0|6|214
129|w4_fHtCFvsM|281|394615|0|107|2740
129|9JTS9BQUgJs|193|616937|0|91|1166
129|lusyrxzOtDU|1251|745723|0|624|1653
129|Yxumzn82V9s|90|183068|0|33|379
129|NsxtULLNoqc|1|2087|0|0|19
129|5EoVxQRgCtU|2|3444|0|1|18
129|bcqY7UwT3yk|142|80375|0|57|484
130|Oaw6asSUeB8|182|2093249|0|381|4616
130|st7AWTFlfQs|46|133987|0|90|708
130|xI8jUbuEssU|3|5420|0|1|13
130|buyKbfcV91k|2|8035|0|2|2
130|YAMajlj3Bt4|0|83|0|0|0
130|-sURgwYpqAc|0|57|0|0|0
130|Zob-h8ad0sU|0|46|0|0|0
130|z9LzwKI2jpo|0|4846|0|0|24
131|rbl7QlZOZg4|18|205186|0|50|103
131|DmJ9sOxHtYk|10|83536|0|7|111
131|t6TRwfxDICM|4038|8355915|0|2260|14028
131|NM1gB8slVXk|0|378|0|3|0
131|oG_3613PDlQ|2|11492|0|1|21
131|VwJ9LAL3T-8|0|11775|0|4|10
131|g4Hjb4JI1SE|2|1970|0|0|9
131|rTlo1THI-fI|0|601|0|0|3
132|yswZKfnmf7c|823|4187175|0|476|9013
132|u4Q8JZfkkew|8|79689|0|7|69
132|iVLRDwLv3kg|3|23873|0|4|13
132|CvAFCQJWD4A|108|120186|0|44|372
132|T4QuG9Jz5N4|73|329726|0|40|524
132|HT5zNtRnncs|12|51857|0|8|81
132|t3k1kFM4wYM|73|407139|0|29|887
132|hvjyAxcXF-o|34|18006|0|8|85
132|LfmK7yp9TyM|6|712|0|0|23
132|9vGWvOwHVRc|1|5342|0|1|4
133|-Fq4h4W80Ek|17|740686|0|93|1135
133|IErvxW7dxcU|120|186743|0|287|441
133|xdMo9S0mTX4|3|6558|0|0|19
133|YO43RpcngZE|0|429|0|0|0
133|1jMiXDelgcw|0|4|0|0|0
133|4OE4xuwWK-c|0|59|0|0|1
134|Ppjr-hn1HR4|59|232716|0|43|938
134|1uG-Sv89x7Q|20|136300|0|7|210
134|uRqW__-dy5o|88|322319|0|17|791
134|eoWlZmwt8ac|2|15637|0|0|10
134|f2mQJi3oQ_g|6|20375|0|0|43
134|8CKIAE-Fwx0|4|3794|0|2|51
134|m2rzEyddDQQ|0|487|0|0|3
134|jp_7CVN3OrE|19|12281|0|1|72
134|RYyQNvo1DcU|1|200|0|0|5
134|xxumSBpS4yc|26|178792|0|12|188
135|Yq_NL7Ofj9k|530|532876|0|175|2976
135|8tMekzYbBBE|2|4474|0|5|17
135|uZD6XMAQ-TU|0|5743|0|3|1
135|CGY2zD8p5bQ|3|6073|0|0|61
135|fLp3Rs32aus|0|41|0|0|0
135|_NFpyMiW2is|60|164597|0|45|91
135|iqjpJqPEMik|5|6552|0|9|18
135|1d_93qSXJUc|0|990|0|0|4
135|VyhIf96VQRI|34|40213|0|15|195
136|mKBLfwVEKP8|543|5020536|0|510|4284
136|3K0ZT9m6xOo|0|23158|0|6|28
136|vQUK1GnwSis|4|15293|0|0|20
136|hJzey2Q1bAQ|12|42573|0|3|33
136|wQOYuPnTUVY|3|7347|0|1|24
136|BlF9EXgLPKw|0|136|0|0|0
136|ITARjSpzfcI|0|740|0|0|0
136|W15pIOeK898|0|360|0|0|0
136|Q5UPTB78lEc|0|12|0|0|0
136|yaWOzsJURxw|0|89|0|0|0
137|jiHDJ19A3dk|4077|9384420|0|795|22872
137|9iSMPR5zVuM|264|219183|0|27|2935
137|9GjD6ljxjKo|310|270132|0|96|721
137|Ml7VYErjuTU|258|852553|0|75|2667
137|oQfHSwMT6AM|2|1555|0|1|18
137|XZ5s94Y-mvs|1|79408|0|2|57
137|kqhHnCh0_dk|0|51|0|0|2
137|IDvPQVVV-a4|8|19282|0|4|53
137|SJuPi-NPjB0|29|1707|0|12|32
137|HkmxBV_ayFo|31|122888|0|13|220
138|300JHUrEhN4|90|526641|0|33|654
138|hm2EGyyQNiI|20|114526|0|23|131
138|8_4UGS_vFlA|0|1019|0|1|3
138|JoCie9gtJkA|0|804|0|0|2
138|Br9Ilc_IgYo|0|1746|0|0|2
138|W3zeZtvfALA|0|2726|0|1|6
138|CQ5Zt7JIW9I|0|23437|0|1|36
138|EkJjPNP8_kU|0|0|0|0|0
138|lu3sj2hMNLg|1|475|0|1|0
139|-Hsl5UG9O_c|4847|2976645|0|1459|15154
139|tFL6JRh1JNI|723|202215|0|579|1113
139|UhzcYfHOHMI|1154|979520|0|331|3086
139|oxj5jYkF09I|60|83055|0|40|684
139|dijmD2VWroI|11|8429|0|2|74
139|1yzdIaBp0p4|10|85206|0|3|76
139|eFRl3lyBLx0|4|5088|0|2|30
139|V6vNSUqVAnc|28|43618|0|9|341
139|xYjaokqo2oY|7|2190|0|0|19
139|3kqVTDymnHw|206|74285|0|104|452
140|2zqy21Z29ps|20601|16144161|0|2391|51249
140|jGEERBDelH8|2555|5143527|0|752|14009
140|G3Rzy7YqUVU|2235|4295193|0|559|10769
140|hrKpIFSXDek|122|185710|0|44|888
140|3dr4J4qJXOU|1039|1473091|0|405|2563
140|aDoO0tLFlcI|221|868302|0|83|3454
140|sWe8sImYtwI|159|121746|0|57|665
140|II-D-p2Ja9M|10|22977|0|6|79
140|N8wJOyUf40c|7|16886|0|13|94
140|9N5aH8s-G88|45|82069|0|32|424
141|aMl2tTVwsZA|1094|4138279|0|1236|7723
141|hy6oD7BZw50|537|1209175|0|319|3114
141|Kf-SwZfRd4U|266|1039219|0|153|2783
141|DvYeVcTAyHA|1558|6206421|0|1107|11676
141|Rao_aZTO17Q|64|119362|0|22|677
141|za56MdewGzM|534|2871025|0|219|2859
141|Abt0eTG1DcQ|4|9852|0|4|27
141|tP3bOe1eSbs|0|4616|0|3|12
141|IiI0woaqwo8|0|390|0|0|1
141|bnflTn3Hidc|0|231|0|0|2
142|_OQfHWa63cw|7|152210|0|28|50
142|buR0WL4DCfI|22|69650|0|5|121
142|bzAagEYDrdw|4|8644|0|2|26
142|Lcqbo4VhMPg|0|9776|0|2|17
142|equSk7tyOnU|7|3851|0|3|22
143|qflK2RF_UC8|366|1530551|0|619|3097
143|u3wtVI-aJuw|2146|1777168|0|571|8279
143|ueKe5DXOcBM|1244|697320|0|309|8047
143|Y5wssYZHVWc|4920|6017447|0|1263|45109
143|H_5t589hePA|606|484683|0|176|3212
143|MNM2m-IL8Dw|277|88957|0|42|1046
143|zjnGJrJ-D6Y|52|170465|0|41|1253
143|b7NoeDLuoEU|120|709675|0|96|921
143|0lEZV147VWs|568|110609|0|274|1886
144|lJrgG70shBA|210|1010511|0|242|4232
144|CFV0yxxzSzw|85|120652|0|132|649
144|I1FAVqV-Zis|21|176180|0|29|370
144|9oey63iDXHc|6|25301|0|3|39
144|kXyLA8HA4kw|0|277|0|0|1
144|-93So_OqT_E|40|59392|0|14|126
144|8gbYLd8wsHA|0|0|0|0|0
145|iksrM_LNZ6s|257|594914|0|180|2369
145|1DTZ-fXU4iE|240|239603|0|69|2452
145|HTqIpXh0IAI|620|494514|0|73|3908
145|EJprBMCl-ds|9|473569|0|7|164
145|EaBZeTyqNMQ|216|41811|0|34|494
145|opTliomomt8|63|97274|0|12|297
145|QbDmBOx83dQ|2|7604|0|1|17
145|PdwW5_0myXI|3|52943|0|13|29
145|bAUiWLBgxZw|0|1547|0|0|8
145|o9KWyx-k1ww|0|138|0|0|1
146|sutgWjz10sM|15541|31440727|0|3774|93342
146|Aw7Eln_xuWc|869|1224046|0|174|7360
146|IR-l_TSjlEo|4627|10110159|0|1895|47948
146|tE8LEPSTK6A|1827|3808314|0|1008|16162
146|qXT0kcTI9Kk|856|469885|0|152|3406
146|MJsDuGRiLqM|2156|1299136|0|985|13580
146|fe-P2iv4Vxw|1084|665077|0|972|5931
146|Gvq6cMtT5nA|1464|2975871|0|1728|11825
146|Gf3HZaB57Jk|567|551003|0|298|3881
146|IvcrFezs0lQ|72|111552|0|76|642
147|bMjo5f9eiX8|24340|5582337|0|11349|33980
147|yTNW4g2Qm6U|1152|308252|0|777|1772
147|Sxz-Y-c2UUc|17998|2647867|0|16076|17536
147|Mqf5gAYcFWs|2975|749082|0|1045|4670
147|fRnbUm48R7c|1531|248298|0|2068|1620
147|LHjznLeYlaE|166|81836|0|38|266
147|8eFlAY0D0ho|1153|294530|0|1310|1583
147|TTgayWCJC5A|1119|197164|0|527|1307
147|3iIMtI2Kytw|102|34278|0|204|258
147|d5AVWCHb180|0|0|0|0|0
148|DQiGyBiNjLI|913|3245008|0|595|7013
148|Vcw2Aje5KU0|1360|2239802|0|782|6217
148|FV5x6QMuYjg|336|1553798|0|331|3544
148|LSakVPI9f1g|82|18406|0|16|275
148|iOZh3nUngLw|33|129822|0|26|472
148|At1-CUYEqzU|3|15749|0|5|43
148|ela4O4LeXYE|3|1980|0|0|37
148|7lyghQlGreA|37|465843|0|283|793
148|zjVGKw8sTNg|38|100827|0|31|343
148|8vHqlljDuqE|6|12859|0|3|52
149|HwV9KljqsFU|111|439550|0|26|637
149|Fns7oJeQmZ8|3909|12601234|0|2742|30651
149|Y80TCwl7_BI|523|1425880|0|168|1890
149|CQERFnGvi_A|9060|34456332|0|14600|52261
149|amFKzf4Lr5M|578|783126|0|191|3438
149|2xD9uTlh5hI|1339|3591901|0|346|13516
149|Mh2ebPxhoLs|5203|18200343|0|1985|55162
149|TK2uaVLebhQ|74|106293|0|24|502
149|eisKxhjBnZ0|3362|28018752|0|4066|75430
149|ToSnuQZZp24|6|6211|0|2|34
150|6qmj5mhDwJQ|16317|14312374|0|3995|42535
150|fdu10cX3pWA|129|214026|0|66|432
150|_OSaJE2rqxU|9236|7466885|0|1737|13980
150|A2sGw3w8_HA|2617|2024026|0|737|6804
150|iRCVmQPhjBo|454|378690|0|129|1268
150|EIaafpN_69U|534|407335|0|283|1508
150|TnNjnlMHD5M|106|176416|0|76|355
150|JDtDJHavCmc|4|4948|0|4|20
150|tRg0Ms4lMII|59|84640|0|20|369
150|3L5Ewsva2No|94|75120|0|44|332
151|8HDArXZgrsE|881|3719066|0|442|6400
151|-Pzas5xnGcQ|3|57797|0|1|48
151|7Kl3JiZGlLc|228|459479|0|117|2132
151|wVIex9YVx0k|0|40104|0|2|37
151|cNTsQ9A64d0|202|175687|0|63|2049
151|Z6Gr-7RuNzg|615|655613|0|84|4549
151|SsM4vIp3eTw|138|74654|0|43|336
151|-qiTrA5DNac|10|12983|0|8|91
151|iH3HznwxVvc|37|93539|0|21|474
151|z5rRZdiu1UE|13275|39097296|0|4165|169380
152|wbqL8prYE-k|2|7666|0|0|6
152|GHPWZe26gec|1298|19922504|0|4501|15034
152|HvjjbeqbP1U|45|484218|0|146|962
152|Umyq1rkhvGg|0|224|0|0|0
152|yokYnOfdSxk|0|50|0|0|0
152|Im5LUhw2y0g|10|1542|0|0|80
152|HpizvEY2UjI|1|2686|0|1|3
152|EJJ-T3BEoUA|1|2884|0|0|3
152|SPi_0myStl8|3|49390|0|2|61
152|DVwu1qIQRgw|230|885447|0|133|1039
153|4zLS4lL3JDQ|2054|2869784|0|966|8922
153|DbHfWDf_Row|546|486559|0|87|1313
153|QT5j2XvdLnQ|337|401787|0|101|648
153|WCf11XhItwE|6|74616|0|5|32
153|YoDE92_5zLQ|3|2722|0|2|10
153|PVWDnE4G6Tk|3|9851|0|3|21
153|BywkSWM5M2I|35|50037|0|15|173
153|h-eOAAkdx2w|1|7319|0|0|12
153|CTyc7C0N75k|12|29689|0|7|54
153|OMuWEPdT0uE|2|4557|0|0|17
154|NNj7dKtnuBw|496|1504509|0|136|4144
154|tbayiPxkUMM|1220|1732589|0|142|7963
154|X0xWEn1EO6k|493|281905|0|142|1338
154|tkiHAYJJwhY|0|5796|0|1|8
154|G4LVE9OUTfw|970|2894015|0|255|8072
154|q8W8DDTtWpg|152|143866|0|28|1109
154|GHOCuZ4FGhg|12|51770|0|6|89
154|8LzzHwbpXa4|189|26098|0|14|849
154|QmvYTNd9MHc|3|1708|0|0|19
154|alrsYvRqFtQ|86|104366|0|34|729
155|DamjF9XmtlY|197|1073558|0|125|1785
155|eVf2UUu_w4o|8|76576|0|4|269
155|kNOxXwyFpPs|148|588043|0|76|453
155|_hBPIUWQTBI|17|17005|0|1|108
155|2xI4nPh4SZs|12|103335|0|28|40
155|JlF_OOXUWYI|0|799|0|0|7
155|QIKenCq5cjw|3|5522|0|2|32
155|5AvO_XKgvSo|31|101018|0|20|291
155|ciedlxUDjS4|1|6230|0|0|20
155|VrAbIMhsEPU|0|2059|0|0|7
156|0bXFnUl7XhM|4231|9573225|0|4518|10242
156|JCp4_v9vopA|1793|6430564|0|2208|5089
156|eKpDB1oJ0Is|64|125200|0|39|192
156|g7yLK_KNr_s|2|287|0|0|13
156|UCPoVTXxAww|16|1513421|0|7|145
156|wU-qrWxdLI4|84|96221|0|21|52
156|bhZL39xTbJU|0|651|0|0|1
156|YRYdMk7qvXs|1|313|0|0|9
156|HO4mQS6k4_M|3|25466|0|4|12
156|mRxATLOt3wM|0|5|0|0|0
157|K3SlVsdUuBY|581|3651254|0|268|2081
157|3QyXhjl60us|0|31647|0|5|19
157|0igC5vVZL0Q|97|57325|0|27|268
157|Clnxk6IU_2Q|14|15436|0|10|99
157|IB_JjfmXYV8|1|132588|0|0|12
157|OCzwwg5CvPs|0|601|0|0|6
157|Ivar_gL11BI|0|8790|0|0|15
157|vg83Ee5tMuc|0|7723|0|3|10
157|LLDRigD89tA|0|14|0|0|1
157|gkNP7r9HFmQ|1|14969|0|0|4
158|dYJrxezWLUk|2951|8653068|0|1175|17474
158|oeLTcMfkOHA|46|78601|0|16|199
158|WkntEHlnMVA|50|560111|0|42|302
158|qGNcQcwjbvA|274|30338|0|55|804
158|MJIcZGEjjwo|3518|4963639|0|2292|12940
158|tKVANjViHq8|46|538950|0|81|873
158|VVCNUZv-5TU|145|33568|0|44|496
158|CVHk7p-B_5s|150|79587|0|76|831
158|3rocnWq9Vlw|4|11903|0|3|44
158|H-ZKrB7SyBI|20|35061|0|2|98
159|leJuOObuCxM|1037|4306646|0|797|10484
159|JtP7zka5UI8|242|1227172|0|367|4024
159|I_TarJ2AoFs|28|351648|0|93|710
159|O6iR6zn9ySA|257|359041|0|119|2357
159|na2rlvN5rJk|70|95490|0|18|403
159|dbi_sSvB4D4|47|237821|0|62|549
159|-zA9OvpAGkQ|263|1808859|0|329|3168
159|cyaKndMu-nw|7|52558|0|7|118
159|pBV0Igtyu3o|71|239082|0|228|1095
159|BhP8sg4ScN0|24|72773|0|24|506
160|MnF33YgMJiE|2|61400|0|11|35
160|x_veIPyH5rU|52|210453|0|44|114
160|-MYZpNaN5qE|23|97395|0|20|195
160|20Wuzm0U5ic|2|1243|0|0|0
160|ci7eKlNRiuw|4520|15883303|0|2364|64404
160|LtvtPZyU1oc|0|362|0|0|0
161|N-ewaCVARtM|8940|5715729|0|2231|26730
161|kY23C52II-k|779|510840|0|346|3779
161|b0Rdba9gx2w|131|177949|0|34|464
161|CldGTG6iVrU|4997|6097778|0|1279|25498
161|GYpKG_TkZLM|58|478440|0|0|0
161|JXZet6FD0mg|3|5178|0|1|31
161|Q6Et2xngzKI|6|7410|0|0|37
161|7ylSbHvf5aM|12|2013|0|2|37
161|mLrBLpR-gU0|2|4697|0|1|23
161|VIZJ22whKA8|90|52941|0|24|247
162|L1B9PRLHq-s|42|657933|0|75|740
162|C1SleAnaByU|53|369269|0|80|178
162|OEhPqGL5uyw|1|959|0|1|4
162|uBmnkk0QW3Q|2360|4362856|0|675|6862
162|oxoDx1zjroE|0|246|0|0|1
163|eDyh9YloMVk|1904|4847830|0|995|18071
163|CCIgx7j7teM|1108|3701711|0|692|13306
163|nnrcN1bxtyo|14|197462|0|28|497
163|taibi9B1oq8|30|73449|0|38|401
163|rqwD5RP5lF8|95|99722|0|113|1525
163|ExBRbNMF8Yw|11|30150|0|5|123
163|I71lB4uzSMU|172|286648|0|68|2565
163|imDjLyFN29c|190|113291|0|131|691
163|J3R9gCXTZFw|20|72432|0|47|363
163|jvqzbYhubW8|4|44186|0|3|57
164|-41F52aL-hc|404|1442553|0|349|2915
164|4yghgR6zSJ8|90|327933|0|39|535
164|c0_a9mhNyRc|2|37390|0|3|36
164|yxzM3i6WfEU|0|6062|0|0|7
164|U1_casgexVE|1|33105|0|8|12
164|4lzt-pDDAIc|2|14144|0|0|3
164|TUmholXYyzY|58|152066|0|29|677
164|_9QASrmKn6Q|0|790|0|0|1
164|LdzMVdrTbG4|1|4533|0|1|2
164|LlfUf_ofs8k|107|1835229|0|643|3355
165|VCTen3-B8GU|5603|15011586|0|1528|38262
165|QheoYw1BKJ4|751|2491257|0|197|3691
165|Pnjj-uffJ18|12|42882|0|8|88
165|ddJh40jOUcQ|41|2868|0|5|41
165|e3hcHooeITM|20|49326|0|14|366
165|uQBRqWw0F6I|1|958|0|0|2
165|1mf8FSxU08I|7|9298|0|1|20
165|pWsBSzN_bUo|0|293|0|0|1
165|WkqVYncKHTE|5|1547|0|0|17
165|b3VQdF72qaI|40|22746|0|6|211
166|dLaBxTeRHV4|835|4680883|0|629|6227
166|rRybFb5IqLo|7|95152|0|6|60
166|vTNtyJIKTXk|189|909356|0|54|737
166|JBTtLh5wU3I|11|64731|0|12|49
166|ZmRpQDx8RUQ|71|321935|0|59|278
166|3ilwwi2YqKo|14|25016|0|0|72
166|V9QBCWLhvTI|32|53704|0|0|230
166|U2yQli6zMZs|3|14345|0|6|41
166|FNjZlC1eyZs|0|95|0|0|0
166|hPruSLZHJlI|735|9628154|0|2272|6779
167|WwkUQrIBLCY|1120|2307547|0|276|7072
167|n-kIpUSByUM|91|620122|0|90|1297
167|WVeI-VVUsLM|455|1194836|0|142|3426
167|5hBpbhWLFbA|248|593479|0|122|1683
167|KerQz77cYSs|237|195653|0|54|1656
167|rMdAG5HPRSI|15|38041|0|5|121
167|P66QI1JsH98|7|105664|0|18|131
167|Gkk-p80hI2Q|16|70436|0|8|423
167|VdqBPFiym8A|12|3105|0|0|37
168|juxTC7hYGTE|3702|10652984|0|2494|45299
168|6WImSro0x9w|21|193567|0|17|307
168|uzTLRdWKah8|744|2073098|0|274|2738
168|1lFghsbA6oA|1|14518|0|1|18
168|8iR0qFFz6Rg|0|236985|0|9|372
168|v4q2JPBT2Zk|336|97174|0|121|750
168|QJ6G2X3bPFM|0|984|0|2|9
168|WF-PUiKSn54|832|1559949|0|111|2722
168|VzWY97XJR2M|0|2287|0|0|4
168|LnFML_7QTp0|1|359|0|0|0
169|k8IONzhQ87s|223|163556|0|406|537
169|3Kz3iqzKYoQ|9|12030|0|1|50
169|_BXgHhTT3CI|1|2351|0|1|6
169|w3NWFDEwoko|0|436|0|0|1
169|m_YjEiH6J40|0|0|0|0|0
169|hMkY2s2k5JM|4|5365|0|3|17
169|fRuD2H1UNT0|0|888|0|1|2
170|nbp3Ra3Yp74|24712|36655883|0|8749|125984
170|DlM2CWNTQ84|11063|13447610|0|2323|48976
170|utdw4fYFToY|808|455709|0|245|5325
170|8vsJZDppH-g|1148|1102442|0|245|7058
170|_z61rmiN35E|795|823241|0|234|5417
170|Ez2QuwoT5Bg|689|288252|0|155|1709
170|QJDvmDtTi6Y|528|613963|0|140|3797
170|9NKDJsahQBk|396|428235|0|73|1642
170|2d9TjMdf2Uk|198|328829|0|149|615
170|fTiDf6fkuuM|584|152216|0|179|3171
171|aJbIUYJVw3Q|556|3907025|0|846|7903
171|tRjURShPiBc|43|542909|0|145|479
171|WPG1EIxefHI|1|80170|0|12|191
171|h00iXOVz4S0|4|30287|0|6|40
171|TEVl5ubXkIs|0|26959|0|3|36
171|hNx_R6LdB9o|277|2270542|0|162|8577
171|SjUsEhNYX7E|6|79592|0|34|78
171|xUHKVByzafI|6|1340|0|0|23
172|yejorH_XH7A|64|540824|0|93|1738
172|kXAcrKLOtTk|12|154378|0|6|200
172|dsRthfsFx5U|0|1823|0|0|0
172|ODlgvRvLEtU|14|67308|0|3|53
172|2v4meEkrzAI|0|3109|0|1|9
172|Nd78VNNAHVE|0|857|0|0|1
172|73rPoGLaBuU|21|37723|0|4|159
172|k5ir_blc-WQ|14|61852|0|8|78
172|sarX-9zEVis|0|19|0|0|0
173|4_XBpBTBv1Y|440|2669291|0|287|6312
173|hTDg9hN6uNQ|2|46538|0|5|65
173|QPbTfB8OrsI|7|34609|0|0|0
173|UHgdlD3Pxiw|273|63628|0|87|513
173|pzY1Ci08O_Q|2|11236|0|1|36
173|jft-XnKKFMk|6|112057|0|11|91
173|Zfwtiv5U38s|2|3217|0|1|15
173|b6SRQCl4F0Y|0|7374|0|9|6
173|i3363rNI56s|0|580|0|0|2
173|pqNTGh3rTGo|0|665|0|0|1
174|lLG_RokHHRI|154|525662|0|70|1313
174|_Yetw7UeTXU|49|216202|0|31|210
174|Ju7f366uI6Q|6|149701|0|18|90
174|QQuYsY7lb4k|26|22516|0|11|77
174|XTQPxXn5fhc|0|1907|0|0|24
174|idpJNOJq5Zs|11|27728|0|6|30
174|Wo4xgyQ9bkQ|0|8845|0|5|29
174|QJcsLrMQLzQ|2|10793|0|1|11
174|5aEVIl686Fs|0|154|0|0|0
175|GoWVOj9vySQ|67|129250|0|60|699
175|RX-psY7w84E|24|122597|0|12|59
175|TUKMtnRXPa4|1|8291|0|1|35
175|V1WaXhUhjnM|7|9838|0|1|80
175|X9m28UxbhQM|0|5447|0|0|2
175|nH2OqJc0exY|0|18938|0|0|11
175|710bHwztFFM|0|53|0|0|0
175|GnmxL3t-pxY|0|1293|0|0|5
175|whyInWCoa5A|0|2032|0|1|3
175|4akBV8U2Adc|0|17|0|0|0
176|kL5c2szf3E4|2832|15281164|0|1403|41756
176|X2i9Zz_AqTg|8308|16924568|0|4942|102902
176|KrAf5ALLxGI|166|1898546|0|298|4026
176|tO5Gq5hdFRY|67|391287|0|37|739
176|uldqs2kW25g|338|918296|0|306|4583
176|EmH4IE3Iysg|682|1002337|0|198|6756
176|fGGG_WkTRPM|2|9187|0|2|30
176|MWwQOOrCsss|74|183834|0|7|1262
176|xQhga6UpGaA|4|22246|0|0|68
176|iMb4Vd3x0Z0|31|13629|0|5|184
177|CmzxIBTPfJA|238|521617|0|224|1052
177|E5yomnVu2XM|3|34627|0|8|47
177|lzKx9y-75gg|0|6917|0|0|17
177|GGriHLjtXxQ|21|62759|0|23|100
177|A6Wz0YuG1VM|36|51398|0|21|199
177|jgKbhPx_7hE|26|6434|0|3|37
177|slMZuLpeTEY|44|1000|0|6|34
177|plDAp58et_g|0|85|0|0|1
177|qDATgMVKPks|0|662|0|0|2
177|x7LkN-caV8M|1|971|0|0|4
178|vIu85WQTPRc|38484|36054816|0|5308|139300
178|QjKO10hKtYw|13968|16796063|0|2642|69225
178|I-EEqJ9HyTk|2656|8753834|0|934|13201
178|3WkxVHyzivg|8099|2087429|0|1115|13042
178|4sI-wDkEBS0|1429|2430807|0|236|8451
178|ECUbuBrbP1g|3698|3570935|0|563|18562
178|eRgqRQTLH38|1316|321192|0|443|1688
178|GQyO4ghNox0|534|450059|0|78|4057
178|oiWCU3l8hGA|1853|437315|0|457|2298
178|oV5UXcJ8LPE|7|30376|0|16|70
179|lEtNIoPxcq8|458|1686611|0|183|4802
179|EUTjJdgB4A0|308|169686|0|276|620
179|uRl0Q50pRdU|5|347926|0|10|116
179|nl4QeQzIkOM|328|778600|0|54|1386
179|QUmowKu0NO0|4|19451|0|1|32
179|qRiX3XEBX1E|1|10339|0|1|22
179|d6PBUHRpqnw|0|593|0|0|0
179|nskwZBCUCc8|0|52|0|0|0
179|t3Aji-7Akew|7|33414|0|6|120
179|cs5Wra7qO2I|0|422|0|0|2
180|rTmvY11m_0E|1706|3849416|0|575|8692
180|yi3k65MlDCA|77|159597|0|20|164
180|lum5f4nOpsE|112|169986|0|62|797
180|IBL_9cu9IUM|1|32442|0|4|56
180|M0lzNKluqj8|4|6856|0|4|25
180|jHbReile-po|12|3223|0|1|59
180|jJRyws0AYS8|1|725|0|0|1
180|Hpy72La6c1U|0|107|0|0|0
180|QyK6Gnd75ZE|0|443|0|0|1
180|ATvMvJNMBMw|6|9835|0|3|17
181|8MuWt2X59fo|2344|8976883|0|2064|20922
181|_w168vuhjRo|331|1648625|0|198|2611
181|EZu-3Vn0i4w|15|555191|0|42|694
181|XYXcXHTMLCw|0|54|0|0|0
181|Hcnj6Kn2COk|0|141649|0|13|276
181|f0tXeY5l8ec|0|21750|0|2|35
181|Ggo2yBpHSgQ|0|754|0|0|2
181|tomJI5aWpyc|1|1839|0|0|7
181|85i0WgoWX5E|0|1108|0|0|1
181|eL-Ra1oZnzE|1|3424|0|8|10
182|UO63ccU6ce0|113|440035|0|29|572
182|XkyuV69YZcM|395|834560|0|53|2323
182|1p82k89OzLQ|0|258|0|0|2
182|FonWTNWtjmg|0|9129|0|0|12
182|o2TU_C8zqoI|0|2123|0|1|13
182|g3KmCCKIEf0|0|21|0|0|0
182|xr80ATlfiJg|0|1|0|0|0
182|fLPWPoXezIE|0|17|0|0|0
182|B8e3JhMdJks|0|9|0|0|0
183|pK2zYHWDZKo|28280|33797499|0|6143|125502
183|6acRHWnfZAE|8996|18343809|0|2338|67961
183|gsjtg7m1MMM|8185|20700611|0|2591|56116
183|ppAgZqKRuMc|5|32021|0|10|139
183|nPV4VAcjbio|771|334823|0|162|1816
183|QRgt2-I1oZg|581|217207|0|135|1280
183|EPqpc3_cBzA|14|50797|0|5|163
183|WJxeo8p6rQc|1322|590460|0|352|2070
183|g617BpyZUD4|104|39511|0|20|771
183|PENV-8_JB8Y|10|22352|0|2|119
184|w-XO4XiRop0|6094|17210063|0|2434|46884
184|90L0ORLMimE|114|218362|0|56|1125
184|704EXbJ-b5k|5864|13178035|0|2127|41192
184|JIIgXEGAZgE|276|829066|0|123|3363
184|_pgmFAOgm5E|7391|16997754|0|2381|60753
184|APYrn4VxLsw|14|108084|0|12|314
184|2z41RTwA7Y0|8|6386|0|1|30
184|ioEA5fWjvOE|638|1784833|0|262|7179
184|5HKngGlMDpU|60|71332|0|22|724
184|3kI1BW1105c|12|92652|0|14|231
185|LhmP8UYtipA|887|3158208|0|442|9923
185|CXxqG4aqwY4|2431|5394204|0|1002|21994
185|WhGkcOoTlkQ|410|1479436|0|150|3410
185|DczQAjSvTxo|220|391760|0|119|3827
185|9bgyEWx6gM8|148|838235|0|137|3653
185|TYG1VRoF2ak|52|354443|0|44|782
185|H-J7TXQR7Ws|221|80909|0|106|621
185|lpu6PuniXxQ|39|116065|0|21|239
185|W922yFkpFNU|173|149516|0|14|351
185|gVfvGKol8Ns|200|1625883|0|173|2432
186|vw61gCe2oqI|9478|12975528|0|2050|32704
186|yUmSVcttXnI|2713|6485128|0|550|14059
186|MX1c1gJsXsE|275|885186|0|111|1713
186|783Fx5DHHaU|90|168450|0|25|617
186|LFUT7FzyGTA|163|1052453|0|108|2311
186|AQESS9RPijI|27|79428|0|21|174
186|Tebfl-VmmZ0|196|45867|0|97|415
186|5xuBlpp4ssg|94|251609|0|25|409
186|pcLJjFdRSw0|5|11723|0|2|70
186|2FDrIkcU5Mk|2|11306|0|3|34
187|9ItBvH5J6ss|38191|35090795|0|5024|380148
187|AuVjGbncgQE|6720|7851761|0|873|57367
187|BVFCFe0UszA|26|53931|0|7|363
187|mw_hszjj3Jo|318|613964|0|324|2058
187|LNJwVfzqy7U|168|417994|0|63|2002
187|rjMqMLZIt30|24540|10958688|0|3231|177087
187|TWahHLBniEQ|131|446080|0|30|3577
187|dBRphAD6wr4|331|113843|0|119|938
187|7llLNR5m_GU|7|149825|0|5|558
187|UzmCrr2Wbtw|8|13112|0|23|79
188|LqE32n-K7Qg|130|865459|0|76|1373
188|j6igmBDQnzk|7|43752|0|11|71
188|DZoefqpci30|0|2|0|0|0
188|R59_O1H3nsI|3|10652|0|1|29
188|P9grpH4XGDE|3|11591|0|1|11
188|ihFeOKKJbFM|2|4900|0|1|33
188|yg327Gp3AZA|3|8463|0|2|39
188|x8FSDCVDlb0|5|8990|0|0|27
189|rbZk_3KbRlg|400|1847672|0|170|8816
189|qP755JkDxyM|3086|6030133|0|2229|55614
189|qgCrzUPqOFo|192|628178|0|66|3572
189|ZQAeIzH-7TE|239|550689|0|89|4772
189|qm8UaNdq24c|98|693063|0|102|2286
189|06rvPK8ydZo|1931|3789523|0|726|31007
189|64YhYAvt9nQ|78|498477|0|41|2136
189|i3_gKCX4Cik|82|1538392|0|83|2110
189|hefXoclR7Hg|31|60201|0|7|421
189|dTWtEB8dESE|224|832752|0|81|3419
190|aYwZ0gaFk5s|18|133913|0|16|278
190|X3RvH_UkP1M|0|10366|0|5|31
190|PZqoW29SqMI|13|70099|0|12|48
190|h_Uh0Md5idw|0|12572|0|0|13
190|hX2vD3PzSSQ|0|321|0|0|0
190|J4wtwzEHbRE|2|332|0|1|11
190|HvTUen7pSHw|0|10510|0|12|5
190|FmgDkpmrvPc|56|18854|0|7|243
190|yyi-Gj7oP9k|0|13|0|0|0
190|oAeQ4GJ1BwI|0|850|0|0|9
191|Z9a4PvzlqoQ|8521|17192359|0|2668|69921
191|1Y0erVF9cLI|642|1591405|0|238|5632
191|68AqHwgk2s8|10865|9375669|0|1101|44809
191|lvrAY5pqBBc|160|436985|0|74|1464
191|BWG3pkAkpqk|18|84723|0|18|204
191|EG2gdWmkUGY|638|883231|0|576|2480
191|xej_Ti8RSLs|576|602796|0|322|2762
191|45Uu5_Lca7E|1910|173835|0|642|2824
191|B3ag_Gg-e5g|3|3094|0|0|38
191|pmQgfJYe-nM|64|123250|0|56|657
192|ckY0jczwjLc|151|968329|0|76|4487
192|u560YGYBAeE|8|166404|0|8|596
192|S7V6PjJprrk|3|4211|0|0|46
192|DSHtSrQRLKM|12|26495|0|5|284
192|S-mCsqQM0r4|9|1410|0|4|54
192|ZQo6Dae-wvE|3|11184|0|3|46
192|MQ1lm39Y0A4|7|5504|0|1|31
192|1pVLnFOOAl0|0|2996|0|1|5
192|5Bx-Wvxio1Q|0|1730|0|0|17
192|JIQz3rk2bn4|0|904|0|0|12
193|GSDQA_dYMDI|1|3203|0|0|6
193|e5ysyLWshfE|0|2887|0|0|2
193|ryz2Y2kaplY|0|0|0|0|0
193|edYghkhJPcw|0|744|0|0|2
193|2GdI3driI28|2|2318|0|0|2
193|79jQ5ctvuH4|0|2151|0|2|54
193|q08Gpf5x8lk|1|3370|0|2|5
193|v08ujs-dGtE|0|4118|0|0|7
194|Be7uSIjFCa0|434|4399469|0|961|11796
194|8HpYzpr2iDA|202|303099|0|91|509
194|r2GN3wdfqbA|1067|1139705|0|297|1966
194|mHD2CglLTuk|16|17195|0|20|76
194|wkEwQWbc1ZM|1|8160|0|3|9
194|5NKleBUX-40|3|3469|0|0|17
194|SYzPEgsIwHk|3|45853|0|11|55
194|1mC0UMihQg0|1640|5744060|0|1188|17351
195|gwgfeR2pMuE|1970|7249233|0|722|14499
195|M7dtLEk6m1I|167|611072|0|108|687
195|Uy6Akrt4ePQ|38|77495|0|13|104
195|r-xGLDSNE7w|23|31940|0|8|95
195|CMOX6VmzlmE|1|19197|0|4|47
195|ZFZzRNHf8Go|128|39702|0|34|347
195|CRZtH3WbibQ|0|0|0|0|0
195|5G4U92OaBtE|0|833|0|0|3
195|-Xap76Gl5uA|4|4946|0|2|43
195|UUxxdT8jQYA|0|63|0|0|0
196|tL2iILHUsG0|513|1557249|0|139|4316
196|Sbtmf1_V-mE|7|44455|0|6|75
196|DbURfiUWVtg|138|530080|0|41|1200
196|XTJo1gWlxpo|157|40682|0|25|362
196|pfsr3AFH0As|0|2003|0|0|5
196|ho0hiqBIXgU|20|173828|0|0|0
196|ucHpazEk9yk|1|4532|0|0|16
196|Ms21v955mr4|1|957|0|0|6
196|m59fC7tOUY0|0|407|0|0|2
196|eWrAEZpB9Ds|2|19226|0|0|37
197|N8b6kVSZNLE|2252|8729968|0|3076|19633
197|hsQcFMwl0sU|352|2545533|0|366|6975
197|ajKT1dxFmNc|301|962983|0|172|2922
197|en2SNhBayIQ|20|170954|0|25|285
197|15xnNtdyMo0|285|198965|0|329|622
197|M1IEHPtLigE|0|2486|0|0|2
197|huK2sDh51_4|26|95575|0|22|637
197|1n8CgcrZ5JI|1|173109|0|0|0
197|V8TyGCM2aN4|0|1570|0|0|5
197|5w5BZfQo0DY|328|49560|0|3|80
198|uGyLFdzhw-c|797|5406471|0|210|3880
198|jLWyJMHvPAM|7|127080|0|7|101
198|XxsJCLf9Bcc|0|14799|0|0|12
198|PTjEeYYW66Q|10|13652|0|0|97
198|pS3rqOtmQbo|6|10970|0|4|18
198|65M1kvBybHk|0|2366|0|0|1
198|IWNKsvs507I|0|3686|0|0|5
198|HOR5XUag-Yg|16|10797|0|2|137
198|DUcibiySX8c|70|491774|0|27|282
198|36NbWhsbK5w|0|430|0|0|0
199|98DfrVjxCQg|898|201898|0|276|552
199|g4svOofmAek|0|0|0|0|0
199|gcyNXxrfJIQ|285|110900|0|60|1079
199|17-0_QY5Edo|4|3275|0|0|59
199|uYfy_4x6KAI|2|1822|0|1|8
199|CLJ_C0r08MM|83|104366|0|10|211
199|r7e6gLht6OQ|11893|4553837|0|5942|28046
200|laLoeVDX_0A|684|3029819|0|885|6406
200|LNiGkRbDNSk|28|211909|0|64|181
200|Lu6w-_ViHZ8|18|97482|0|26|89
200|WwU0f43RiTg|1|1928|0|1|2
200|02P1wh9ZDcs|4|1948|0|1|10
200|dJR19RGAEt4|1|579|0|0|0
200|lFZpPpSU3k0|810|3855391|0|699|8982
201|dYDGqmxMZFI|4205|9427732|0|1258|23168
201|S30VkLn5a2o|1130|5290049|0|481|9461
201|T9bQCAWahLk|11|65070|0|29|170
201|a9UW0TldT2s|298|1298388|0|438|3604
201|Xy69y-JIu7Q|1456|1371832|0|349|6400
201|O4lc-hayA2M|71|101900|0|8|259
201|GSnwPO5tscs|61|205138|0|115|383
201|qz2mBhvLweQ|5|5539|0|3|71
201|AmluQ0aDNfY|87|247330|0|45|561
201|oJqIHD1z8Z4|0|2295|0|0|3
202|YWDM_p68HAQ|173|573805|0|75|1526
202|2RR42oZX3-U|1074|3791065|0|1861|4265
202|F1KY_pMBVXQ|389|2539301|0|130|1862
202|nyFEiTbgNkY|136|317909|0|96|1683
202|WcRzvCQWN6c|79|126166|0|12|186
202|W-l-6bGzdMc|7|56974|0|15|132
202|Mls3RdmQ6R0|13|120905|0|24|185
202|j1SDtKoTkzc|16|136728|0|34|384
202|PlCb_gd9c7Y|24|27652|0|30|186
202|pTkFYP8TKSE|0|18502|0|0|7
203|YJgIv_hrjdg|1738|2600519|0|778|7637
203|novzGPgeY4c|558|1566543|0|564|2661
203|qc0X0rs-pvs|138|384009|0|111|927
203|6AkaZGp_Ubw|115|190139|0|60|748
203|d8ptXCwTo7s|252|157501|0|242|1614
203|kiS8b0hI6tc|75|48267|0|149|216
203|JMlcdEtAiBA|1009|4024800|0|320|4382
203|0RApT-EuUkE|198|23450|0|25|363
203|yZnErzocep0|24|86005|0|22|139
203|1Z8R6h0br8o|53|262105|0|66|347
204|_qKXSL2N0RQ|0|0|0|0|0
204|_GUwucSJvKI|236|312031|0|683|1676
204|sECz96PvABg|4|6282|0|21|60
204|h0YFx1tn9Yk|18|98223|0|19|299
204|L41xwM8tIRQ|1210|3315919|0|401|11058
204|rUFfddrg1tE|299|1819647|0|140|5393
204|AmOfhgui_1M|1088|2466902|0|750|17574
204|a_qicbmrEMU|3719|9409028|0|9805|42768
204|ZHDi_AnqwN4|325|1143804|0|144|2519
204|fwae-cIvQlA|3|11071|0|1|64
205|eejJiKQe50k|680|2870167|0|535|5127
205|WEN-HRp1Kck|63|169354|0|120|645
205|mHSy_TpjyYI|199|705557|0|190|2034
205|pX1-TNEpQ74|1214|4136757|0|724|9053
205|4B_GllcxpuI|20|195527|0|35|401
205|mGi47GxZot4|7|55970|0|7|114
205|N4_uGKdxNWA|78|62965|0|68|655
205|2eKcTfCvKM0|139|94058|0|116|524
205|V_o-AdSskxQ|8|33281|0|3|81
205|TbRDPZYjNVM|5|25924|0|2|78
206|wbqL8prYE-k|2|7666|0|0|6
206|GHPWZe26gec|1298|19922504|0|4501|15034
206|HvjjbeqbP1U|45|484256|0|146|962
206|Umyq1rkhvGg|0|224|0|0|0
206|yokYnOfdSxk|0|50|0|0|0
206|Im5LUhw2y0g|10|1542|0|0|80
206|HpizvEY2UjI|1|2686|0|1|3
206|EJJ-T3BEoUA|1|2884|0|0|3
206|SPi_0myStl8|3|49390|0|2|61
206|DVwu1qIQRgw|230|885466|0|133|1039
207|IiDztHS3Wos|717|1852834|0|215|5054
207|Y0oX0xiwOv8|1556|3359472|0|272|8091
207|Ys-mbHXyWX4|3591|8822048|0|1495|30948
207|-fcHKls-wXE|197|37322|0|114|372
207|2Orlz1IXap0|7|50861|0|4|164
207|x5A4-mTWAUQ|0|2789|0|0|11
207|LYMN9zVD9R4|0|458|0|0|8
207|3h1E_7hrpkM|0|9373|0|0|22
207|OyFcTDudSx8|0|494|0|0|1
207|ixU1UlLxyIY|0|322|0|0|0
208|UEP1Mk6Un98|9831|11147891|0|3047|73613
208|RCzLmdhxboo|19|34485|0|5|172
208|hHUBpMznFJI|165|216297|0|26|1331
208|0krawO0kMwQ|4678|3909619|0|1410|48841
208|3sHMCRaS3ao|4377|11390853|0|1681|32157
208|BV2dcumgDvU|446|885387|0|119|2536
208|DpSaTrW4leg|2322|7136615|0|797|17959
208|h_9-3Fj3ZdI|3364|10933929|0|1731|28297
208|zThr9uTq4G4|1355|437727|0|175|8554
209|KoREt4C6l3k|1190|4864050|0|513|5053
209|Or99qjmxSmY|841|353255|0|64|1626
209|UrtwJYuUI-0|1099|351747|0|57|2217
209|q2Vj2UpA4dE|512|441039|0|41|763
209|XYJl8FMmjRc|268|286019|0|161|1042
209|Jt3LuGrkkHc|27|191227|0|24|163
209|wnE5pEs2aqU|126|72704|0|96|133
209|C7i49Y0nsQo|17|60949|0|6|116
209|QUllfJplJoM|33|94288|0|18|252
209|BIoIytCwYNk|466|233824|0|56|1387
210|xLcueCRRtjY|149|546212|0|61|761
210|sZx5MDDYVSg|11|78940|0|13|107
210|Srho0Gln7bs|100|266981|0|24|830
210|4QYqXtGpxWA|0|607|0|0|2
210|_YL8nJ2r4Ws|0|351|0|0|2
210|0Wk9wMG0CUs|0|1678|0|1|4
210|Ewc2RWbaXjA|18|17918|0|1|91
211|Mk4briOLrTQ|1334|2516881|0|560|4899
211|amFKzf4Lr5M|578|783126|0|191|3438
211|BrxQjd5gpuk|20|218208|0|83|138
211|m63fQdnUh-0|2|7120|0|0|20
211|2XCdbVWd-wE|2|404706|0|7|63
211|PQTjwLK13HA|50|120790|0|21|836
211|RRl5H5rrK84|0|443|0|0|0
211|UUD-qxASP_c|202|91797|0|5|843
211|jjmsJTYmEB4|0|599|0|0|1
211|9fqA2xtxGaA|0|267|0|0|0
212|z4FslottUKo|1287|552999|0|669|528
212|vurFMz8bfNY|152|133025|0|69|111
212|XnteZ7kABYE|13|7741|0|7|16
212|umJlU55TPco|0|609|0|1|60
212|qYiL45t-jfc|121|13986|0|90|45
212|ByZbenlX8I8|0|1531670|0|94|826
212|q6tW4_2F7oc|58|24926|0|1|200
212|T9oXGoJWTdk|0|1294|0|2|4
212|KaR-UcCpZfA|79|127591|0|20|497
213|uYXxqwk7EMY|212|119098|0|301|692
213|2bOaKBRxVHM|14|126580|0|18|118
213|OzWygkJlGcQ|92|264594|0|92|295
213|-Vv3pnGt9Dc|78|198812|0|122|332
213|OrrvR8xC58c|303|74844|0|418|323
213|EQ9kpuZL-8U|8|49226|0|13|44
213|y8p_bzTEBeY|202|205134|0|259|1048
213|zm2ofarPqUk|0|2828|0|1|14
213|_GS73t9Fdm8|168|614357|0|228|604
213|0NE4gfw8cX0|3|18375|0|4|15
214|lakm7mnIR-k|16|51231|0|9|138
214|XzFCDqKE4yA|10431|14696449|0|1968|27460
214|IbHod2ur4CI|149|121634|0|91|610
214|RXMp9fBomJw|9917|7208305|0|1953|29948
214|AJ7wMMMYWiY|967|822283|0|316|4436
214|Z6KI4ojKjEg|260|1551767|0|107|1340
214|K0LLaybEuzA|36416|27392444|0|6236|79747
214|Yaoh3PqHG7I|4787|5856693|0|1059|15218
214|9rqIJcY9hMc|12246|8388173|0|2714|28870
214|ElnAUY6aykg|100|69169|0|20|679
215|-fQvyfn3wbE|165|1584998|0|283|3238
215|WZoe4mMXcv4|48|1291208|0|243|991
215|eJTct8eHKYE|2751|8103656|0|6887|21904
215|A9X9_t0wXn4|6|126373|0|19|132
215|unqXck6Zy1Q|1|30915|0|7|28
215|-p-R4GDtfpo|38|102328|0|62|687
215|SnTI_F5-TOE|0|419755|0|90|300
215|ymvL06onKG0|45|100263|0|65|778
215|v1LyH5YanHo|2|2089|0|1|8
216|Ht5s3lcMpqo|7|55317|0|10|85
216|7RQeW-kpEqk|0|2046|0|1|3
216|4TIgo1Xuyo0|6|21821|0|2|60
216|ASx7sUwzbws|0|648|0|0|6
216|ZEn3QIzQcFA|10287|6796330|0|1963|56854
216|YWmcFFWmXwA|0|12473|0|7|38
217|aCponfeWNOI|474|3275193|0|0|0
217|kw8VCDx399I|0|0|0|0|0
217|4HP2fm9zNAE|93|1541090|0|115|2653
217|OsQJjOAnnbA|135|29358|0|28|445
217|ZTE_I5VTLrE|13|177264|0|8|352
217|PcZapHQMz0s|129|110291|0|59|1657
217|QakKOGrtHro|8|3058|0|2|58
217|EdbXKSzfRTk|0|2421|0|0|5
217|iKfqbfLa9qY|8|961181|0|0|0
217|_cw6A7Uz0Pg|6|512580|0|0|0
218|QHFkp5IpKNo|62|583289|0|101|1038
218|wbUdGTZ1uVs|7|121718|0|19|59
218|q8GFYKvkAXI|0|9697|0|0|5
218|avRNh7Ulo-w|4|16279|0|0|32
218|cSmQScpCI6c|0|42|0|0|0
218|oGtD1WX4xzg|0|6989|0|0|4
218|GwOxFeQ0jwg|0|1192|0|0|4
219|pjKpGQqDzHA|132|1428961|0|195|3200
219|dvuw2EuXs3s|10|27421|0|5|47
219|mDJIcN40B7k|24|145926|0|19|121
219|TGkBu_qALpg|411|765151|0|137|2043
219|iiZPt80VGgc|1|37607|0|6|63
219|4PqJoJmaUJc|2|6957|0|1|9
219|uAZZkp-Je6A|1|13028|0|2|21
219|WjabKh0jQyU|6|9724|0|6|90
219|vFyCqvV0cU0|45|62063|0|28|284
220|OwlynHlZEc4|1510|6663318|0|704|9534
220|GFqY089piQ4|3440|9740479|0|1173|15997
220|HydiAICZq6I|47|274146|0|25|438
220|jcdhyaP0T7g|3076|8915034|0|3031|15978
220|ZvtspevZxpg|14|129842|0|9|120
220|hDDTZqVwfjY|44|104473|0|20|393
220|3jMixikBl90|392|855369|0|637|1640
220|5WRVzjIjYGQ|114|779603|0|257|129
220|I3czCEgxDDM|28|36566|0|4|83
220|eBq1AupSrLI|5809|10199711|0|7208|10518
221|KNJ_x3nQsgI|142|953482|0|79|4690
221|nzcPdGxuewU|23|441965|0|50|1150
221|npTtanKgnZU|25|144157|0|15|176
221|X32akTYVmJU|145|21411|0|11|310
221|BoFe1etfmaw|0|0|0|0|0
221|RDBg_Oy0154|0|1134|0|1|1
221|phY32b62_Pk|0|63|0|0|1
222|UnzK0Lq--ys|371|2267030|0|352|2671
222|9I0LuPtRdbw|147|376523|0|371|1152
222|TLuPW4cL9bk|33|43021|0|34|261
222|jtT0s44-NYA|0|3944|0|1|2
222|d67ta_JdDQo|0|4355|0|0|11
222|U0jxC7RpfY4|1|1639|0|2|8
222|q8k3A7tACSc|0|350|0|1|0
222|IBRVnOdw2rA|3|1735|0|2|6
223|0F_pxMmOG4I|363|690308|0|75|3483
223|nm-wQh664iI|115|221414|0|28|623
223|x-rZgo6WSfg|119|171564|0|22|1488
223|d9ELTgk6p54|8|478526|0|17|280
223|qQ85n9B8Mfk|38|68068|0|19|694
223|XXXwZo5p80U|238|91107|0|68|587
223|kLqwwqrvNLA|40|77858|0|9|540
223|k3VWxi7u1lY|10|22507|0|6|97
223|KNSdEQqTLVE|2|1332|0|0|40
223|_YM_sTOGnTg|1|727|0|2|2
224|pr7tDrwQ3t8|3348|4658534|0|534|56579
224|3AYQDq9efdk|3586|4986039|0|620|53680
224|2cv2ueYnKjg|5916|9015498|0|1771|115651
224|3bfttU74Nsw|94|276642|0|59|1049
224|wX0aiMVvnvg|4036|5101274|0|734|55219
224|cLwtv8WXVwk|268|119931|0|52|3291
224|rEpsPXUt4R0|5588|8153666|0|1506|74200
224|28DQ30A8mTU|25|29550|0|9|647
224|wx3_lXM3zXo|445|600199|0|162|5057
224|RN4eTOQ06yA|356|172024|0|41|4072
225|RBQcj8jNNXY|113|530022|0|153|232
225|HSSSMkKpT9k|0|359|0|0|0
225|q-RBA0xoaWU|3795|8974532|0|1122|17379
225|-F-WaoNMOL8|25|686|0|3|16
225|UaB4RY5S3FQ|0|1277|0|1|2
225|deSRpSn8Pyk|7275|8532937|0|2670|34053
225|D7-u3FF6Ca8|9|12223|0|2|107
225|SZSxlgyqUYM|170|123050|0|19|673
225|ZQDlpAwUnwE|29|136725|0|44|196
225|DuKvQjiT95s|0|1453|0|0|1
226|TN54fIHNXbU|55|811458|0|27|1871
226|drpzmETAP_w|0|442|0|0|1
226|1hxatSrl_9U|0|59|0|0|0
226|JyEWM00zgPk|0|189|0|0|3
226|kuMNyYKr1nQ|32|37666|0|4|318
226|CzxW3WFBd14|5|56633|0|17|72
226|bdDv73wA7sQ|3|8340|0|1|50
226|QybEW4g97E8|0|13765|0|2|39
227|MWo67uhzoQg|87|381786|0|51|1726
227|YdBpynIchls|3|34185|0|4|55
227|d2PFqd6zDrs|29|186441|0|27|849
227|GY5IxX0RO1Y|1|4356|0|0|21
227|iCnkHHbsPz4|2|1579|0|0|5
227|rxrHzzFsciQ|0|1157|0|0|1
227|UzUT6U-XIHU|158|332779|0|22|1686
227|Teqxej1gSeE|0|0|0|0|0
228|A_kj8EKhV3w|1389|3558773|0|763|6953
228|57Vkp77tVTM|3267|4713846|0|620|9852
228|EVg8nKNGC5E|789|1407486|0|358|3926
228|swODSpxVj-I|421|269298|0|171|957
228|cLywfCRbQF4|125|39181|0|12|481
228|OURsWp83J2c|147|71721|0|53|478
228|U93LMsyoKfY|110|69066|0|155|455
228|Tu58qK34FCQ|11|42344|0|25|169
228|xppdRM4uvzo|1|86024|0|0|12
228|QfQQ9WK0ac4|8|33670|0|6|53
229|-cBttI0W80U|573|2931352|0|266|7016
229|0KP4L62xyEM|1228|3048175|0|687|10397
229|e5EtMTtnOHU|66|552870|0|35|1099
229|aEAt9eTi72w|640|3420325|0|252|3904
229|VhiJhmKTO7A|46|554896|0|41|853
229|Qrj_nsBIKmY|21|110992|0|14|243
229|WbRXIyThe1w|12|62022|0|2|144
229|q6NVwJTLvAk|399|583547|0|314|1532
229|1rSmBFDF5Kk|7|35401|0|4|169
230|ExciLtpHp74|462|2636399|0|284|8278
230|UKIAZjs__Xc|972|4976170|0|610|8474
230|q6q73NTqH-o|64|515925|0|49|1076
230|jj5ECoN-Nl4|69|173357|0|43|994
230|mlMIRn1_q5c|883|1077473|0|2867|17198
230|ZFpm9fb9VPc|33|209242|0|19|753
230|TYAwExztguY|0|34397|0|5|105
230|KqwrsgSWDII|36|13577|0|1|230
230|YYo5XKBS1jQ|9|68695|0|6|143
230|En7xmlpVnh8|2|2373|0|1|31
231|4xD0junWlFc|4353|15534050|0|1440|34905
231|5bPJrbzjLls|1392|2690858|0|209|6681
231|RLhp7YGl0vY|373|751702|0|128|2358
231|OuXkXJ1fPuk|4453|6790617|0|728|30076
231|sTte6BQndTQ|866|4346362|0|209|5839
231|VqBysPjVMJM|139|131338|0|32|671
231|IXYmx3mp8j0|75|339812|0|34|1301
231|dlKFYY-fn5w|124|18944|0|7|315
231|ymWmUTwW_dY|0|19938|0|5|47
231|8pIxc8OJoJo|253|394700|0|213|882
232|uxFJvlWqphM|1595|1786449|0|244|5815
232|iJNNugNe0Wo|4947|6055162|0|1828|13630
232|9ZmrrinUpQA|83|177087|0|22|375
232|b5IpKlFsSro|485|77083|0|145|522
232|LsnibzlgAUs|250|151564|0|39|1115
232|yugxUKl6-qk|5|14687|0|0|26
232|Tr16t3ieApE|0|0|0|0|0
232|TiuwviCwsfs|5|7328|0|4|18
232|gwgfeR2pMuE|1970|7249233|0|722|14499
232|cIJAyT3mQvY|6|220|0|0|14
233|pVtaRAAWJss|400|1629774|0|242|6858
233|2SGPSDbC7QI|55|359012|0|49|813
233|xsAZ0sYVLPo|187|33145|0|15|538
233|uzo3NVTX08w|0|1602|0|0|0
233|B3_aqBpL1VU|14|62645|0|53|40
233|5R8qMhTsHvM|0|6545|0|1|28
233|ZDWoE2PKk7U|1|14052|0|4|67
233|vCi6j4bS_1A|0|6057|0|3|13
233|rkrirRR3QrA|2|7440|0|3|51
233|-afHlAu71Ac|0|44|0|0|0
234|jCOvhojlZzQ|266|1525718|0|178|1625
234|aH_4yfB-6vg|5|81261|0|9|41
234|n4-VhYq-d0I|3|9514|0|9|30
234|UIta0cUd0EE|22|54879|0|5|184
234|_4AUBoIgsvc|6|30079|0|0|40
234|D0-GY_10k20|7|3867|0|0|17
234|hNx_R6LdB9o|277|2270542|0|162|8578
234|qeiibTSVXik|0|23|0|0|0
234|fBTXk1LbD9Q|4|13511|0|0|46
235|rMp896hfp74|3852|11647941|0|1115|53066
235|wH6PNeTy6Nc|2368|5176970|0|470|26511
235|aE_4mxeWI2A|728|1692276|0|135|7635
235|xzg4KanBupc|452|865197|0|81|4275
235|7f4HYULFd88|190|869532|0|84|4189
235|FSuNprCuA6c|32|219413|0|25|848
235|VRCE4TTwFac|300|252093|0|125|1718
235|Yvx-F2vgvwE|44|8876|0|6|130
235|a1MT6HF9C8I|1|3895|0|1|42
235|JrIgxugAkeY|3|2446|0|1|64
236|zYg51_PFeHA|469|1281025|0|403|1936
236|U-XjF4fSc5c|354|645955|0|323|1217
236|YWjtanCP-mQ|196|546230|0|140|399
236|0PBvjW_aemE|5|6232|0|3|23
236|d3GeSiD2HIs|12|28168|0|18|59
236|h-NG8z5ryeI|14|12902|0|3|54
236|RqREtNc5mvk|69|11193|0|8|113
236|tlOR9AOPybY|0|17|0|0|0
236|hTYiwoq_RZc|2|172|0|2|8
237|XdfA5Ff5e78|298|709157|0|306|1519
237|RuJsduRY5ik|23|59195|0|18|71
237|NlAOzOIqUJ4|3|23448|0|0|37
237|EYvHL72jBP0|0|459|0|0|9
237|KhpFi-9xv_A|33|1217|0|4|36
237|5TfTxThYj2E|6|20690|0|8|50
237|d4sjbzwAplM|2|3467|0|1|13
237|xZq5Yi_1J8s|0|6128|0|2|10
238|yWs81poMgiM|1148|881612|0|73|1806
238|SsGcttNUi9c|47|119508|0|14|309
238|zmBDY-fSlIs|0|0|0|0|0
238|0f5OzUd8l5s|2|2532|0|1|25
238|00srDTJp51I|0|0|0|0|0
238|QLLReGgCyBs|6|1289|0|0|22
238|Oj1x04RKc4c|16|10382|0|5|116
238|9UFQgmT9HY8|12|4809|0|0|43
238|SQXcGwnjGbs|7|820|0|0|22
239|nqRRF5y94uE|2099|5486332|0|654|19077
239|Zhu32sdAGbo|233|533831|0|100|2348
239|sqK_P0yU9jk|57|365798|0|20|548
239|IQcFnGGZxDg|212|873996|0|509|2413
239|Sp5x_eH7MrA|37|87755|0|12|235
239|RNoS0tfYPGI|87|113232|0|50|677
239|B6Ey0ktPh6U|19|126747|0|20|198
239|Txv-fYnLI8k|140|195056|0|27|1069
239|YOuM59WgN3Q|193|95770|0|77|564
239|SulhdqclpJU|72|98659|0|40|618
240|uiTPqZkTTN8|632|1236102|0|167|2880
240|Fq358xHbzN4|1037|1067355|0|269|4807
240|GRrZZNyOqyY|586|515992|0|192|2547
240|1AX_-8oBORA|39|87293|0|18|189
240|U4836RJj5SE|412|182582|0|80|861
240|LV1H9Ya5RNE|21|20506|0|12|93
240|khAsQowkUGI|1|2586|0|0|12
240|1vIUSDIBJWA|0|318|0|1|6
240|kJpUePjEAf4|553|841619|0|167|3455
240|9lfz0I-beRA|0|768|0|1|5
241|vhxLMl5QEXw|238|456523|0|144|1409
241|ztM-ajPfcfs|143|293149|0|120|826
241|Z5kIeDkC8y0|1|48400|0|10|137
241|qR-n1pPvcbk|158|250321|0|75|1167
241|j-Ao2SNJsWM|24|75615|0|9|214
241|kgyZjbzS18A|185|389419|0|48|846
241|AJ_1eS2Erhk|130|428402|0|49|971
241|vqUA01xUZrM|9|102633|0|8|245
241|RagXk4_hNTw|0|30063|0|0|2
241|ploJOBL0rIM|0|3422|0|2|5
242|5iZLPNFWLxk|589|11385415|0|1576|10096
242|P2-cOdD0xRo|49|356102|0|70|534
242|uqzOg6sjDNY|3|20539|0|7|16
242|x1J4xubjycE|11|60108|0|3|47
242|e9Q6r1UpNUQ|16|56412|0|1|77
242|hjo7iO6Ghtg|919|2812454|0|827|6066
242|DeDGR_JkkbQ|3|258994|0|84|68
242|nKNmNJUhzis|4|13408|0|5|56
242|l-pIWl9wGAI|28|10626|0|27|188
242|BmSevCye6iM|14|39329|0|29|59
243|G5VeowxERwM|848|3064785|0|353|5591
243|f_ENrqSmIhE|383|643357|0|123|932
243|jA1a7Ra6PUA|15|46231|0|4|152
243|AmsC8JcLlZg|0|125415|0|14|94
243|unqmxRR1eh0|352|105862|0|220|551
243|SZULOg-eusY|2|4613|0|0|3
243|ldZElZRUzG0|121|264143|0|55|476
243|gqZh_WaUT0s|6|71834|0|10|176
243|5C7618pWhEQ|0|185|0|0|0
244|y0E2Qh6wLS4|1455|4243550|0|290|7754
244|VfTgiJ20ci0|110|152819|0|31|902
244|rCLqTpZIM2o|0|9066|0|5|25
244|v9oJj8nbjNI|113|267597|0|25|1024
244|G9D0joS-2gw|84|34981|0|26|308
244|X-_ccegQTX0|82|28506|0|11|296
244|OxU4v2UM0i8|7|67143|0|3|94
244|6sWZpHh6B74|1|62240|0|2|42
244|74XClcp4YdM|7|35710|0|4|16
244|aMnDCu5VhzM|0|543|0|0|1
245|aTKBowDjMQg|142|1665227|0|154|1343
245|0JjRoh13vzY|408|2665828|0|447|2686
245|AyUIeB0PXJw|8|25091|0|6|92
245|7jjpzGG0N4g|146|27916|0|15|380
245|eaeeicM5Qqg|0|4586|0|0|9
245|RhN7c_oKcck|1|31|0|0|2
245|vW6N1j_Vmus|0|338|0|0|0
245|epb4xj7pDSU|0|3746|0|0|4
245|TWyn4kvP34I|0|142|0|1|0
245|9OB6RWP8stI|0|21|0|0|0
246|AwwbhhjQ9Xk|3880|8627329|0|868|34174
246|64-iSYVmMVY|7073|11181964|0|976|61227
246|-44_igsZtgU|7385|10680794|0|1264|72141
246|K1In45K0DGc|2410|3726292|0|246|19004
246|SDofO3P2HpE|5756|11885315|0|1069|47372
246|Xv8ffeBcRC8|1624|2640924|0|199|11273
246|D7Rmk3qPGQ4|1105|1321838|0|236|13460
246|UnuYfEjgXEg|73|204079|0|214|530
246|3b946aGm0zs|25|75190|0|12|428
246|IlDhpoX54SY|100|326743|0|53|808
247|xVd0y3-yG-s|11|32532|0|10|119
247|tSSxoHgwkr4|12|205839|0|17|116
247|_87hW2FIuzY|27|216874|0|32|101
247|h2AnJBeoH8g|0|23680|0|5|9
247|USd7NSFQkh8|36|180032|0|48|195
247|fMlqvruwFgw|0|167|0|1|0
247|pKISD-JdmA8|7|88350|0|7|62
247|qCq9M3yvkQk|0|0|0|0|0
247|pzZBcaidTy8|120|146818|0|32|273
248|fQJ6vb-Pzb8|468|3093133|0|465|12242
248|ll0pjiOjSiU|72|350945|0|47|1025
248|Bn4VpK0gdyU|9|47117|0|4|68
248|hyNmrA-6LXY|3|19710|0|2|51
248|0npouzhhZTo|55|69459|0|9|740
248|ZsQSinas-TI|4|31450|0|3|86
248|3XcCxA9enWw|79|14198|0|15|291
249|fH0cEP0mvlU|1263|7185116|0|1210|12410
249|LjjxG2EDJwI|5|113220|0|6|246
249|GngkceI87yU|36|651919|0|60|1380
249|qaF7dPmL3lU|99|31119|0|51|321
249|3wjCcS2ujh8|0|22212|0|6|66
249|1dmgBlcwlWE|15|216634|0|15|438
249|e37TGyUlM98|0|149|0|0|0
249|w_LUlZeuyOQ|0|5191|0|0|47
250|pdofQpt70dk|438|611381|0|148|904
250|BCQJnOn0ru0|5043|3535590|0|1019|8456
250|pMAnHTeTfdY|0|1079|0|0|2
250|X5JwdoY_qAE|0|0|0|0|0
250|wqTRz9r5-n4|31|128448|0|14|190
250|ZtqsRjzeXiY|12|6549|0|4|47
250|5eVk05aKrew|369|56036|0|140|461
250|1asjARdTt3I|11|41793|0|3|106
250|cywIhazi2D0|0|3515|0|0|3
250|4_ZeZTQxwhU|60|193390|0|29|223
251|Q2dFVnp5K0o|539|2857375|0|419|4522
251|j1El1xVRrkA|22|1077517|0|51|492
251|Gg5CU8Y1xnY|4|42105|0|6|154
251|o4dYsR4xNRk|407|1026841|0|222|5187
251|4g8dTDQmmhs|19|2258608|0|10|55
251|Di_w1K5fEMg|471|329033|0|122|2618
251|cDr_ZY37RFg|147|638700|0|100|2076
251|KjM8v3hxZg8|115|291666|0|53|1292
251|2QDfLBFvrmQ|32|69445|0|31|331
251|xC0Gyb1cY5o|135|25138|0|52|359
252|VjctHUEmutw|1577|8901564|0|456|11522
252|OBD5ZqCpyPA|356|1948353|0|173|4916
252|-3V0cchHy60|504|1468842|0|128|3793
252|64QGV7bf3hE|11|251461|0|4|93
252|FfoDg8y_LF0|347|528701|0|59|1397
252|3zTB3GRJQcg|230|152390|0|54|826
252|ymN3qAAbLvE|24|109929|0|4|285
252|VuvA7B4TG8E|70|22031|0|6|347
252|8qEGQd_Zcjg|1|2608|0|1|24
252|VuLUqJEp8BM|40|18056|0|9|269
253|_5hh_mg7quI|0|716|0|0|4
253|WbnBNzyEx8I|5|15657|0|1|52
253|3dX9jaIqxlE|5|3857|0|2|25
253|jbtkxvq05YU|3|17564|0|1|25
253|L3LsmUSyP6o|0|1782|0|0|3
253|YnY-6jFSHpU|0|3121|0|0|8
254|TrRHmhIDfjg|171|1298906|0|97|1413
254|jiX1rTDCoO4|6|55634|0|5|38
254|ij0GAd02Dvo|2|79092|0|7|34
254|WDFsR7w0dT0|10|55114|0|4|112
254|nXGq76Fo5j4|56|10788|0|8|192
254|sjKvy3lirB0|1|206|0|0|1
254|CRfjGkr_qr8|0|17|0|0|0
254|SpBfWAlMV40|1|690|0|1|5
254|UYpuix_2n2Y|3|5000|0|0|17
254|2OyaMATZWAo|1|17107|0|1|15
255|paFgQNPGlsg|6381|25582027|0|7032|58032
255|jdUysoK6tdQ|4156|21741299|0|5525|43902
255|zTlwd6uqdJs|1777|3275224|0|1067|19275
255|OuEFTZaHb_w|0|16566|0|5|35
255|LHaoIdqfwzE|918|5376786|0|1364|11730
255|nZWMgg1weDs|30|53554|0|21|267
255|47pOgfWqx7w|176|356502|0|201|1092
255|YjM58IJaXoo|278|999275|0|438|2230
255|NFMwNhbb7u8|286|1524425|0|737|2478
255|SYsupzT8xrU|3395|7061488|0|6435|31349
256|2-_-1nJf8Vg|153|2540256|0|86|2358
256|0VGD_jLyE9Y|328|435636|0|60|1478
256|esGn-xKFZdU|1170|4208075|0|626|4888
256|9DPpygqaCjY|127|516496|0|35|702
256|blUsfRSSaGo|28|188843|0|24|214
256|oEm_vZuD4FU|0|9778|0|1|30
256|oBmF8CT8cJE|30|63330|0|20|275
256|7IxswiLy5i0|4|4269|0|4|35
256|gDo-ELIhNVQ|131|31468|0|33|283
256|LCN2_SaGE5w|180|29129|0|12|407
257|c2tI5zW3IU8|615|1553233|0|225|3836
257|u2X1zZIGtmE|40|240978|0|47|306
257|B32NXtkUB6s|38|129133|0|20|844
257|mPmIhPGJG_w|132|22511|0|27|290
257|nZGaWelizHc|8|12518|0|0|75
257|XqbPER06rio|4|41348|0|3|165
257|c_dEVRj4vsc|0|0|0|0|0
257|1VT8Tda-S1Q|0|145|0|0|0
257|TCH9HauIRsE|1|1076|0|0|7
257|vN8439azQEk|0|141|0|0|0
258|GrXe8YDbzYs|7524|6554199|0|2392|12407
258|c1w_qrsAYsw|8|31046|0|3|78
258|buDXzlmoPCE|492|410398|0|236|853
258|c6JbSi2hjGA|722|210588|0|105|877
258|PTXxbs1iF_s|78|82996|0|29|474
258|4OOCaTNqHk8|23|31835|0|8|103
258|r4gP_edEgn0|0|1615|0|0|0
258|zpuc0DLn8aA|8|24029|0|4|91
258|JQxhg52HC5M|30|20855|0|5|44
258|N9iRT91_pyo|387|77134|0|120|614
259|cGqJY4hyRfo|22|109534|0|10|144
259|sb3uHmGGGNk|2|7268|0|0|12
259|tYZrq3jESxQ|248|1369151|0|245|9003
259|PH6rLiXbIe8|4|39986|0|5|26
259|xxTMJrPAoDc|0|696|0|1|10
259|NBGrLmKc6V4|1|13419|0|1|11
259|SbXDqatLZD8|15|178904|0|6|1229
259|ZAZYqhtEbhE|24|144593|0|26|1003
259|RMtClVrE5zw|0|5463|0|1|2
260|Z_dideF5qvk|1425|5554600|0|960|12278
260|jF5JFoGIE5U|331|2892030|0|387|2763
260|UHlBKAtHgrE|51|214720|0|30|389
260|SF94owFYml8|36|1336628|0|71|249
260|hPSq_NmaOo0|7|183037|0|19|245
260|P2VJIcjwBLo|2|13241|0|1|39
260|wyndChkCvyA|2|6980|0|4|30
260|5SEH9zZH65o|0|4092|0|0|5
260|18TxPrbEL4Y|0|694|0|0|3
260|jqtuFZb46aY|0|45|0|0|0
261|hZFZxEnB7ws|5109|9828941|0|1511|27953
261|Jp2abe1QzlA|509|486806|0|85|2904
261|hKUGQhgSCCM|181|1170457|0|198|1495
261|xSUCMGJXHtY|104|272025|0|23|745
261|ezilb1IZP1g|93|379664|0|19|470
261|Hne-eJOeZzA|1227|5825604|0|426|28382
261|DLK-SuT5Qek|32|67658|0|12|176
261|v6trqc6dmXE|523|695264|0|148|3355
261|vEnqLCoDkBc|42|67954|0|7|244
261|4sMnr60O4Uc|1216|589727|0|539|1875
262|ZBvK6ni97W8|1136|4931262|0|424|11024
262|8ikeVQ8WAcQ|198|605325|0|53|1869
262|rubXI-cRQM8|98|109161|0|37|1233
262|lunCwT3gB_Y|43|364642|0|30|483
262|GxUntcvIyQs|36|457260|0|163|999
262|eKz4f95o7io|163|45730|0|39|570
262|RpLcWrhLgxQ|7|19330|0|2|70
262|pW8opAjKnY4|2|1606|0|1|23
262|o7bctaYC2xA|0|65|0|0|0
262|jLy8ycxeg9M|4|10741|0|1|35
263|aHDEZXoh4-c|246|497225|0|86|3278
263|zIP_gtjDtfE|474|1635942|0|116|5991
263|tYkuvB2f5XU|18|44175|0|2|104
263|MfXemr222ek|39|295163|0|22|432
263|7EPC5m1QsSk|52|214505|0|24|919
263|zQ6ny-fROX8|2634|3736153|0|536|32826
263|uw2wdSpIsmE|158|31143|0|33|365
263|hV87lUdlsH8|2|2241|0|0|3
263|TFUhGQUYl-M|0|21|0|0|1
263|2QX8MZ3zTvs|0|196|0|0|1
264|SE0m-N-b1VA|753|2897652|0|244|10780
264|-g2g5gKY_AQ|19|60801|0|2|363
264|Pkt7OaGwNi4|7|21379|0|2|70
264|OD7Sr9b5eiE|85|184569|0|9|1858
264|3_DHhPckJNo|125|2227203|0|99|3494
264|h9CSHBbRhvY|6|9317|0|2|24
265|_i69CJc1BgE|467|1178887|0|232|4626
265|4kCkVDma8Sg|396|1113463|0|202|3670
265|Vs5b3LYWZmA|62|246054|0|39|561
265|g_jjeqzJtgI|41|273056|0|40|578
265|Zk8uG-SokDk|18|87760|0|16|278
265|OMDRrfyjjDQ|14|26534|0|10|107
265|WFfqpx5yMKs|389|127552|0|107|1019
265|did2eOgVxQs|187|702158|0|130|1851
265|rOZ_rGGgo_0|12|765887|0|2|64
265|vlCX0hwF_30|11|44969|0|10|174
266|V602GMSSo0Y|4131|9838638|0|2353|34529
266|tKq9TAPkRKk|473|799352|0|254|2184
266|8V3uEEjvy1s|114|187474|0|41|522
266|x1ZFrzlbjzM|10|26797|0|8|122
266|Lzlfzg5z-Pc|31|112602|0|26|585
266|wyoi6N_zwUI|8|39393|0|12|227
266|20w0942Kmuo|5|11999|0|3|56
266|xNOIixU8VhI|32|41598|0|6|287
266|KRywluWyXFk|403|96406|0|299|837
266|YG3ZyZfUubg|4|5239|0|3|44
267|oZtcNDOzZv4|1|512|0|0|7
267|j47NWDB_xo0|0|0|0|0|0
267|Dr9RLl0C6hI|3|649|0|0|9
267|E-IDOWDvL1U|0|410|0|0|0
267|QHKhdIs8LSE|0|379|0|0|3
267|5TJeXvLHJgM|4|5080|0|0|7
268|BERGcYybigE|0|0|0|0|0
268|SrIQj4kqf3w|79|36910|0|50|220
268|lMksk_DEBw8|0|0|0|0|0
268|FjMNZUzhkCQ|0|0|0|0|0
268|Uag2G0J6iqw|5757|1931083|0|3203|11553
268|T3LsQat5_lA|1044|92922|0|171|1174
268|unl0r_txZ4U|0|0|0|0|0
268|PtvVG2TQzOI|39|7081|0|7|99
268|EEeGy3F0oWY|120|14002|0|15|60
268|KN1-EYowv_E|849|66812|0|262|985
269|hEJnMQG9ev8|13486|24344321|0|4324|79211
269|cdLl1GVjOrc|3806|10023027|0|1346|28328
269|YWNWi-ZWL3c|7012|14104668|0|2640|47082
269|iO0jUAzOsV8|778|1870628|0|274|8110
269|woHTUsl66BY|1966|4221049|0|532|15076
269|rtKfNYpXp3c|283|1121967|0|155|4380
269|Yd7kZaMsPDM|94|382329|0|44|1044
269|jnsgdqppAYA|153|243941|0|43|587
269|Z_dAfBWswrQ|75|283033|0|43|982
269|axWhhGKBjVI|152|97773|0|38|1079
270|lyErKmF6xdo|42|229167|0|26|380
270|6uAyUABP3is|3|14030|0|6|24
270|mzIeZwUdbVA|0|17860|0|1|33
270|kjWTcWEKvS0|0|538|0|0|1
270|ivnC7BbL6wo|0|9|0|0|0
270|gwNw9Z2ae0g|0|315|0|0|3
270|IRPIrcHO0S8|1|2084|0|2|10
270|TDjhhCrCbe8|0|1276|0|0|3
271|X8kYDQan8bw|2576|6906335|0|617|14845
271|1lEdwqwOttg|1205|1565456|0|284|4593
271|rCDgPqcYatY|301|607003|0|63|946
271|GRdHmB-EH9o|200|199315|0|38|1607
271|ERxoxtMEnuk|14|5999|0|2|69
271|zEC1Hf1Ohcs|75|184869|0|35|275
271|p2EtjSs1NM4|184|84423|0|33|920
271|OGP02DvsqXc|41|167753|0|15|224
271|MFQw6lr2GzM|113|19281|0|19|434
271|l653k-N7F4M|176|30093|0|38|391
272|j9lZ_Er-Wjg|144|840302|0|212|1574
272|40_h7obHQdw|51|340576|0|52|224
273|mH9_tU5PbGs|181|1069234|0|119|2039
273|88jGf-KFwzQ|15|12720|0|8|213
273|beaIOei6Lfc|0|339|0|0|0
273|hTkWsYX74i4|0|2725|0|0|18
273|1JC7wkavLtU|0|1139|0|0|9
273|FIKlVd2PhTg|0|2521|0|0|1
273|PJoYBThqUwU|1|17583|0|0|52
273|L7Xv52INTvY|0|5607|0|1|9
273|w_zoamJt1ac|0|1108|0|0|3
273|K4P96rZseF4|301|225411|0|24|1288
274|xep7s36qZL0|381|2333886|0|271|5288
274|WQEYmmErpjg|232|451727|0|39|1484
274|JTdkloyqR6Q|117|479391|0|44|2415
274|2TeF10R9HvU|0|19671|0|0|19
274|8RBI4hZjDmM|82|21671|0|11|308
274|ckfiCCsKmyY|38|1064719|0|88|3418
274|DWPId_3DBio|2|17251|0|10|40
274|PjFMKmAibzo|0|101|0|0|0
274|mDZXgVkQ7jA|16|47621|0|11|201
275|MJIcZGEjjwo|3519|4963887|0|2292|12941
275|AaPKmotIpgA|1366|1977685|0|984|9676
275|_T1Jj1inE8M|5736|14195299|0|2662|36746
275|TW4sgwaS7H4|118|344150|0|67|1142
275|1CkUiVNvUs4|111|72576|0|66|356
275|n4xnAaKzxls|64|115037|0|21|575
275|r3Ncl2PCTQ0|232|64306|0|19|1258
275|Nf0haTjKDqY|61|186841|0|39|418
275|HSB838tNDxM|16|15707|0|17|136
275|Zqrp1wVixjE|186|43864|0|33|705
276|2LqzF5WauAw|1121|2093735|0|152|6180
276|Lm8p5rlrSkY|1685|4303646|0|344|11081
276|zSWdZVtXT7E|6322|23447733|0|3019|64989
276|3WzHXI5HizQ|4231|5900285|0|775|18687
276|0vxOhd4qlnA|7400|16705180|0|1282|33339
276|ePbKGoIGAXY|1147|3929177|0|313|9666
276|tZ9hB9AGQZc|78|64356|0|41|594
276|LY19rHKAaAg|195|1614433|0|313|3898
276|ldMT0saqJ70|1|7458|0|1|9
276|X9cPdYRLAOA|51|36594|0|5|403
277|TGkBu_qALpg|411|765151|0|137|2043
277|mDJIcN40B7k|24|145926|0|19|121
277|4lGCOUAsns0|0|2021|0|1|2
277|IQryyjAd5yg|0|390|0|0|5
277|Mzz7SuzyHU8|0|4613|0|1|2
277|KYminO28M1g|0|1107|0|2|3
277|uOR-TFzBIEk|5|10348|0|1|13
277|c-B9uAdxwQY|0|30662|0|0|13
278|IS-5G5X9BFE|42|88613|0|8|229
278|NYYqvNW_c5M|1|10503|0|0|29
278|L3FcDXYgakM|0|2498|0|1|5
278|kIzOJJZ_SZo|11|24335|0|2|45
278|Hg5nqe4D3ZQ|5|2707|0|1|15
278|26iN_fbrumU|0|1928|0|4|12
278|kIffPQmzh60|1|7351|0|0|18
278|yVpquyeA7_c|1|7909|0|6|8
279|bT8qmoCgxZg|1288|5132160|0|597|14611
279|khtFNzVPIh8|684|1893685|0|221|7079
279|OvgyXKDXdZY|2980|13299348|0|3100|29280
279|d2S8D_SCAJY|704|2229962|0|276|5984
279|ZyBUCHpeVzY|885|3189127|0|401|6054
279|vco0SpSz17g|2076|18289050|0|3350|31830
279|6-dBI1R0AjU|374|327724|0|46|1748
279|ihCciBFdbkw|8084|3404976|0|1202|62660
279|xaot2ED5Rrw|12|299748|0|52|289
279|sLPrekc9_Q8|356|580442|0|76|2614
280|FLzfXQSPBOg|4163|20132170|0|4389|34779
280|TnORJy_2tzg|168|316089|0|51|960
280|5voutBeuO5s|502|121456|0|184|671
280|QAQ5tAZ8Z38|1|286|0|2|1
280|OMP4Q_Bk3Yw|12|29641|0|12|124
280|9Aw1qIKeNDk|10|510|0|2|7
280|v0SsSTb80QM|2|14313|0|2|32
280|7ItRFWEHLcQ|9|36086|0|6|77
280|USuCyYeDrzg|68|38848|0|10|110
280|-WdC4DaYIeQ|3703|39149138|0|11562|51603
281|CoBCEdt_BC8|807|4431318|0|544|6579
281|TYjINMvlYdk|356|1872794|0|320|4593
281|7UxYIdlb0q4|3|84806|0|9|130
281|UCWv4k1AVZ4|0|2643|0|1|6
281|Anpj9L-rzLY|0|3861|0|0|19
281|om7SXQb5_Eo|86|23032|0|22|287
281|Ypc00PIJ91g|6|62214|0|5|152
281|qwoU1Jn9GhI|0|4724|0|1|0
281|XyNYU5N9pzI|2|21960|0|8|88
281|FYH178rcjkM|0|194|0|0|0
282|R0gGy4HPecY|2|1164|0|1|9
282|TR3Zy_JEfCs|0|111|0|0|2
282|E5flo7ksmnY|323|103370|0|209|1947
282|nAvy9NqfAcU|0|39|0|0|0
282|R7BOacepAS8|3|21|0|0|1
282|OSj1zo8EpV4|0|248|0|0|2
282|Ss8gxw6qxgk|0|31|0|0|0
282|3SpX8R3mtEQ|10|4222|0|32|36
283|B4c3uxadK48|23|29077|0|9|93
283|63eqXyE8eJE|4|5834|0|2|14
283|SZp-1X9t3Bg|2|16223|0|8|45
283|aKNUlE9ZO88|0|1636|0|0|11
283|gyq3zLQMzI0|0|896|0|0|3
283|TOsvIDaw_dM|0|12|0|0|0
283|xmmCVXz2atg|0|868|0|0|9
283|BgH0vsV0GkI|0|46|0|0|1
283|KA_mBgHL3c4|0|2011|0|4|10
284|rieoWn9BdrQ|734|2107242|0|193|14774
284|sfcfZn8nq3w|768|2399679|0|273|9505
284|6FSwSgzsVEk|51|163921|0|38|713
284|v9PqezODY-I|27|66502|0|10|342
284|ASqPT1A-DN4|160|55131|0|43|541
284|8bSN8d17jwA|6|20767|0|1|87
284|9Hiwe74toJc|691|568950|0|83|3380
285|lGXHVlEklgQ|7970|29943762|0|5406|81458
285|dmNddThxi4c|245|2020891|0|219|2722
285|bIqvQFqPavA|178|759366|0|180|1175
285|9DnQaodsVpA|178|460496|0|87|1948
285|5mZQJ7TuvZs|436|3601786|0|135|2198
285|-s8fH3iEHF4|5|62707|0|24|96
285|DwOf2FPhb88|529|724125|0|834|1445
285|QTUsbQXDwzw|112|113227|0|232|358
285|rP5ycgNGzK4|36|5341|0|4|101
285|mu5hwF0HrFY|4|3152|0|2|20
286|8361stZ8n0w|1578|7633753|0|529|9470
286|PypvNBTdxnY|191|829508|0|192|1009
286|aE3O6jT78-Q|381|1561504|0|128|3481
286|WZczesrBFRA|104|184259|0|22|752
286|DO8d9SyCgnc|0|139477|0|1|36
286|MjWU-8YBS8A|2|92848|0|11|73
286|uBBwW5qKklI|164|385167|0|71|1175
286|4tMBgX-UrPk|7|22176|0|5|51
286|ayk0p_Euvqk|100|28863|0|24|346
286|Tatx7Z_e3jM|7|203793|0|9|219
287|u6uQkoXKGxM|111|277234|0|28|941
287|kiWXNfsrN4Q|217|543515|0|50|1209
287|1vDvUGKlA9E|6|30543|0|1|61
287|MisE9XkU7OU|2|7654|0|1|19
287|h5FQ-bI-KNk|120|18007|0|218|98
287|SCaeP0rzZZM|5|882|0|2|36
287|9zLGwdxtyKE|2|14727|0|0|90
287|QxXb7shGKvs|0|240|0|0|2
287|50-KaLXkQ9A|2|53133|0|9|51
287|EFbPXMyaAss|0|9|0|0|0
288|z5-yA66kaVc|3652|516720|0|12575|847
288|6nmrSdHJDyI|51|17301|0|103|107
288|W5pv-1eYwxg|0|102|0|3|1
288|26IYB95Xw-w|0|16247|0|4|45
288|4KCpKWZFrro|0|120|0|2|0
288|GDTgqQXAC7o|1|194|0|2|0
288|CMATJsIweZo|117|13639|0|24|585
288|_E0vc3Pcfy0|0|2359|0|0|5
288|iqj6KEyhRsA|35|17762|0|48|125
289|3_rBMIppv7k|4|5992|0|6|9
289|EprXpAQjHHw|2|621|0|0|4
289|DoM4OXQVCcE|566|849957|0|74|2235
289|ZcSMnICMbKc|9|1980|0|0|11
289|VBPC2KQEaao|29|1100|0|0|66
289|grXlboGMgfQ|53|9923|0|9|64
289|VG5MtenlP-A|10367|8717970|0|1904|52193
289|prtL8ro9qmU|6|8691|0|2|10
289|W91ZmjZNCNw|3|115|0|0|8
290|3PkkHsuMrho|3734|11475221|0|1099|35628
290|C_Tsj_wTJkQ|15195|21860661|0|3122|139412
290|JzcYyzCZdiM|9518|16728057|0|2596|90947
290|k3JB1NX4A1g|701|2036249|0|249|8835
290|iJRPfCa_Lg0|855|1339018|0|146|9285
290|JfrJFtEwucc|1131|3446063|0|338|14649
290|IXshQ5mv1K8|4198|6433285|0|888|38843
290|n-7K_OjsDCQ|14983|20955461|0|3882|137401
290|UafDVqemtEk|1|283678|0|1|30
290|g9-fxkJj7K8|1390|2185071|0|380|11836
291|uACcVUJ3mO0|84|605119|0|35|1503
291|utriEZFno0E|637|4544879|0|359|6053
291|k7bDzOfakDk|335|1348156|0|126|5342
291|JGX4XwYVoIg|56|728055|0|36|1309
291|D_PQhGHnU8Q|610|2570234|0|366|5628
291|pk9UKXuxA24|39|25490|0|12|277
291|ZUbshJO_4SE|135|86744|0|75|594
291|QchANCupqF4|10|206220|0|21|401
291|rNoJm8xtPYQ|14|174942|0|9|297
291|3J9GSF4PKP8|58|18607|0|10|402
292|KHGHEpUeUwo|8|1408624|0|200|3169
292|BjfID263ViI|6|1028776|0|109|1711
292|rDBcgbfu2lc|7|751748|0|139|1907
292|10OTg6lD4Jc|540|2573639|0|246|9087
292|PY1UJ9oPOmU|105|924428|0|83|2465
292|qiskihiI8NE|260|465161|0|62|3207
292|VqKxeibjoaU|17|211419|0|27|413
292|A31_KlPNXeQ|83|128081|0|26|1339
292|OofDobGdSy4|2|2759|0|1|47
292|AWxy9C5svFU|32|3398597|0|620|7591
293|pdH8NQbvOKo|21|27608|0|11|90
293|y9O-0B6OC0E|35|89348|0|8|213
293|kMo2OLBigL8|118|65320|0|22|452
293|IRrniG0RWsA|291|191137|0|36|855
293|d6dOoyghxb0|99|203476|0|17|262
293|F13mpUTYS3E|10|9295|0|1|46
293|qdI6hB3VHlY|6|5307|0|0|45
293|9y5lJ0LL29I|0|3290|0|0|14
294|g7ArZ7VD-QQ|0|0|0|0|0
294|lwtZgBFKlzs|0|0|0|0|0
294|rGtk484Zhrw|11|202809|0|11|138
294|TMYuKx0xz6I|75|61422|0|4|145
294|uSwv-GPKoDE|149|208888|0|28|4524
294|mEzZMPItqSo|0|8210|0|0|23
294|08soyZm3y4A|2|450|0|3|4
294|tn2-GSqPyl0|1365|7149038|0|751|11343
294|Lbs9jNJGkvo|7|10798|0|0|26
294|0ByXkak4xFY|9|39107|0|11|139
295|t-8YsulfxVI|10225|11888522|0|2772|21962
295|RhCzcde8__g|2117|1610860|0|414|3709
295|mZPMU9riKl4|5405|6364813|0|1211|13618
295|jgs6zoYzUzc|583|1818198|0|168|1681
295|W2WtXIR9q0E|290|412974|0|128|663
295|6k8qeqZycgE|420|411193|0|69|801
295|VcHR9ffbVKg|3|40537|0|7|112
295|xs90onGFO78|1373|525225|0|352|1114
295|LGKGblpl72I|8|18624|0|3|38
295|zKWFaAs7OF4|28|55392|0|16|125
296|wZfs22E7JmI|1705|5541456|0|986|11033
296|UbyrQFgRuHA|375|373741|0|76|1522
296|yT1GoHtItyU|31|118906|0|12|175
296|UIX830h6ueA|6|58405|0|15|131
296|DB1iaTll8dQ|35|40207|0|13|214
296|DWRkYxrPW40|163|18801|0|46|274
296|wmK4uS8HaA8|59|170437|0|23|490
296|Cc3cnX6aCUk|10|987|0|3|15
296|L9uGRF0bjdU|3|5206|0|1|23
297|iWtiOUq7rRk|315|2863083|0|305|5491
297|kIbrdr-2I6A|486|3371618|0|675|3160
297|U5pI0fIJSrA|0|5797|0|0|13
297|1sqjqSr2NDI|0|3549|0|0|2
297|NlH0Ji26lws|0|426|0|0|2
297|FaFFeYeFlwk|0|5|0|0|0
297|GFHErJHb31A|0|13|0|0|0
297|X03s0zkjIZs|0|4166|0|0|7
297|9sqh7xkal5I|0|8644|0|0|7
297|MAaElqqAV_w|26|157340|0|52|192
298|wJ0Qhbm3Xj8|347|1656357|0|198|2739
298|ayS12L3kY50|273|1026802|0|154|2707
298|BlheNZS33hk|1|13740|0|3|14
298|T-j4ZoBLpuY|106|56025|0|32|396
298|sajtUsYkM8c|17|40107|0|1|140
298|SLLbNIk3OEI|1|12067|0|3|42
298|AeTyrwSRIk8|4|3801|0|1|34
298|TyFAaL3H7KQ|0|603|0|0|0
298|NFnDP5BpUuQ|0|80|0|0|1
298|autKLjLg7TE|0|339|0|0|0
299|fcz248Y5r8s|17|505739|0|18|164
299|ivS6WGaRRzM|2|150362|0|10|48
299|oRh3Xn0IISk|1|60084|0|4|58
299|7mB5Grs_neA|61|107633|0|18|225
299|W1BY8gPGm98|0|828|0|0|4
299|BB851Yn3K5U|0|14652|0|1|3
299|xjAAX6jM8ms|123|1063439|0|160|1692
300|OqVgCfZX-yE|50|334123|0|19|480
300|cAMYa1_gzf4|0|212|0|0|9
300|5SzZ4GWfCJg|2|17176|0|2|54
300|lyKrCAgki-Y|244|388449|0|45|1026
300|ARVL8MZje8Y|0|7|0|0|1
300|WYY9Epog0rs|1|369|0|0|2
300|LvQFFHD17-s|2|1649|0|0|4
302|2xD9uTlh5hI|1339|3591901|0|346|13516
302|qABZe2xUx6s|0|18540|0|1|107
302|XtxVuMQ6E4w|205|46128|0|96|438
302|mRGDBZW9vxs|4|36401|0|2|115
302|uU3l-vzfVtc|18|141020|0|21|634
302|fMWMIjID4js|10|47946|0|7|222
302|I9u8jGBKKOs|22|44394|0|51|543
302|4BDMsiml26w|0|2589|0|1|7
302|H4XcvTgLgp8|4|69188|0|4|102
303|DkJA1rb8Nxo|2115|3511282|0|594|12273
303|frsvWVEHowg|3485|6825698|0|1339|14578
303|9oVzgybbU3M|385|1136809|0|207|4247
303|XR8yWGp2bfk|72|144354|0|46|310
303|kP8O-MOqmcw|1302|1347494|0|368|7003
303|UZLE2XHQNfE|189|582851|0|91|2672
303|b21WLRGU8gI|63|127698|0|41|1907
303|XcOVCkMpPGE|148|90982|0|57|1236
303|0OPUO7MR6UY|230|452664|0|71|1088
303|OzdlVZQ-yFc|369|866285|0|148|1968
304|7pjy5MK1X70|1330|5664706|0|675|18429
304|L6Yz5BRMGIQ|820|4679684|0|571|7479
304|sNVGDZHRJXM|1052|3862842|0|430|12894
304|T7UBcEGfH0Y|340|834293|0|113|4412
304|59QrSmwANaA|4|11096|0|3|97
304|sba8TP2pe8o|358|73956|0|114|672
304|NsIilFNNmkY|2471|5870079|0|445|5194
304|D2G8Hq9myFI|4|28876|0|7|114
304|cYIO9PoJFM0|3|1383|0|0|14
304|EnPIU9QpL40|1|512|0|0|19
305|XrjJbl7kRrI|3985|7866742|0|937|23952
305|ymL_Leb6sL8|785|1139750|0|154|4343
305|lEQqsersyiI|109|167015|0|47|529
305|ebHji2c_ciU|855|1405271|0|395|7162
305|-FGuRpOesrE|11|35164|0|3|157
305|rGlsxVfCSyQ|679|2203044|0|426|3363
305|H4s3b23Jg30|189|111483|0|105|645
305|Y6TT-EGQ5D8|14|106268|0|22|681
305|-w2WY6AE11g|124|57991|0|104|439
305|n9RRHefrSeA|17|39025|0|4|119
